qid	q_1	q_2	label
33	我国合同法合同债权不能转让	合同性质转让债权指	1
48	近亲结婚包括亲属在内	近亲禁止结婚包括亲属关系	1
73	偶尔家庭暴力认定家暴	判断认定家庭暴力	0
124	专债务人债权	债权专债务人	1
184	乘坐客车旅客下车后20分钟撞死客车责任	旅客坐车过程犯病客车义务	0
268	案子检察院判刑	案子检查院我会判刑	1
437	不动产登记本人办理	办理房产证本人到场	0
453	房屋租赁登记备案工作	办理房屋租赁登记备案资料	0
465	营业执照丢失	办理工商营业执照证件	0
495	结婚证公证材料	办理结婚证公证需带材料	1
521	办理法人章程公证	办理企业法人资格证书材料	0
547	取保候审人故意实施新犯罪申请逮捕	办理完取保候审出批捕令抓人	0
563	做遗产继承公证手续	办理遗产公证材料	0
564	遗产继承公证	办理遗产继承公证需材料	0
616	约定保证期间担保人免除担保责任	约定保证期间担保人免除担保责任	1
672	傍名牌商标申请阶段	傍名牌现象涉嫌侵犯知名厂家权利	0
692	投资理财收益分红法律	保本保收益理财产品签署合同受不受法律保护	0
775	保外就医期间犯罪	保外就医期间异地重新犯罪收监	1
812	保险法法定再保险	保险法理赔	0
846	汽车出事故后理赔程序	保险公司理赔程序	0
862	保险公司破产理财产品给付	保险公司破产理财产品给付	1
890	保险合同涉及关系人	保险合同关系人都	1
894	保险金投保人遗产	保险合同受益人指受益人情形	0
919	重复保险投保人有何法定义务	保险合同中保险人投保人权利义务	0
926	保险金额保险价值关系	保险金额保险价值区别	0
980	保险诈骗罪诈骗罪区分	保险诈骗罪认定标准	0
1161	施工噪音损害能要赔偿	北京施工噪音 污染赔偿	0
1196	背叛国家罪	背叛国家罪特征	0
1229	人诋毁侵害人赔礼道歉后还对方赔偿	别人恶意诋毁使名誉受损当事人起诉	0
1278	进看守所预示判刑	逮捕就要坐牢	0
1291	电信诈骗中冻结资金才能返还	电信诈骗后才能回银行冻结钱	1
1297	婚前财产公证	婚后财产公证	1
1301	恶意差评者承担责任	恶意差评勒索网店维权	0
1310	父母包办婚姻起诉离婚判离	父母包办婚姻起诉离婚判离	1
1344	情形被告人无罪辩护	被告人被控骗取贷款罪情况辩护无罪	0
1392	被告原告提出反诉	被告提起反诉	0
1478	未约定保证方式保证人要还钱	约定保证方式保证人还钱	1
1507	夫妻工作证明夫妻生活	夫妻借钱证明夫妻生活	0
1556	人民法院执行没收财产	没收财产后债务	0
1751	人辱骂起诉赔偿	人辱骂精神损害赔偿	0
1831	刑事拘留期间请律师	刑事拘留后请律师有用吗	0
1871	北京市内征收人选择房屋安置	征收房屋所有权人不	0
1984	快递东西丢找快递赔偿	快递路途中丢失找赔偿赔偿钱	0
2256	剥夺政治权利人	剥夺政治权利人	1
2312	无权代理签订合同被代理人追认合同效力	无权代理签订合同被代理人追认合同效力	1
2379	旷工处罚不定时工作制员工	不定时制员工打卡	0
2427	不服复议申请去起诉	不服行政复议被告起诉	1
2431	行政调解异议行政诉讼	不服行政调解民事争议起诉	0
2485	用人单位不交社保处罚	不交社保企业处罚	1
2489	拖欠物业费物业起诉	不交物业费物业公司起诉	1
2594	担保物权适用范围	不起诉担保物权	0
2614	子女父母分家产	不赡养父母子女分家产	0
2669	物主保管不当过失毁坏财物不赔	不小心毁坏人财物不赔	0
2679	在外兼职不影响本职工作公司以此不发工资赔偿	不影响本职工作公司以此不发工资赔偿	1
2757	申请保全财产争议担保数额	财产保全金额超出诉讼标的金额题	1
2809	财物损害纠纷中赔偿金额说了算	财产损害赔偿纠纷案件提交证据赔偿	0
2812	解除银行签订借款合同	导致银行贷款合同无效	1
2833	酒店被盗酒店该不该赔偿损失	财物酒店被盗起诉法院赔偿	0
2877	借钱不当地法院起诉	借钱不还当地法院起诉	1
2883	绑架罪立案标准	参与绑架罪能判几年	1
2954	斗殴中致人死亡负责任	藏匿打架致人死亡者承担法律责任	0
2974	夫妻一方退休养老金购买单位房改房共同财产	退休养老金购买单位房改房共同财产	0
3020	征地补偿纳税	拆迁补偿款要交税	0
3053	外国人外国登记结婚具备法律效力	外国外国人登记结婚具备法律效力	1
3055	产假期间工资发放	产假期间工资发放	1
3085	产品导致损害找赔偿	产品质量题索赔	0
3116	产品责任产品责任	产品责任概念	1
3199	婚前共同任务离婚后多久不用承担	离婚后多久不用承担婚前债务	0
3252	杜绝超期羁押超期催办	超期羁押解决办法	0
3267	超限解体	超限解体	1
3279	遗赠扶养协议遗嘱继承优先	遗赠遗赠扶养协议执行	1
3302	撞想请律师帮索赔费用	车撞找律师帮忙洽谈费用对方出	0
3331	才买车坏路上被拉去维修我能退款	车坏路上修理人员去修理!	0
3399	车辆被盗理赔手续	车辆被盗期间发生交通事故保险公司赔付	0
3414	保险公司能以时效已过拒绝理赔	车辆出险驾驶证已过有效期保险公司理赔	0
3431	办理车辆过户	车辆过户流程	1
3435	父母欠款子女偿还	父母债务子女偿还	1
3652	申请撤销仲裁裁决	撤销仲裁应具备条件	0
3667	委托人技术原因导致技术项目索要余下款项	委托人不配合导致技术项目索要余下款项	1
3703	成年子女父母再婚配偶赡养责任	成年子女父母再婚配偶赡养责任	1
3847	承诺生效后法律后果	承诺生效时合同成立合同生效	0
3911	租赁物危及承租人健康承租人解除合同	承租人解除合同	0
3923	巡警城管大队综合执法权具备条件	城管执法权来自城管执法法律依据	0
4111	公证书内容包括	出国公证书种类	0
4145	出口退税条件	出口退税资料	0
4155	毒驾酒驾保险公司赔付	出车祸司机吸毒保险公司会赔	0
4273	出租土地征收开发商只补偿承租人	出租土地别人期间征用赔偿违约	0
4305	工伤保险争议部门	工伤保险赔偿纠纷案件应几个题	0
4331	遭遇车祸申请人身安全保护令要收集证据	证据遭遇家暴申请人身安全保护令要收集	0
4423	串通投标罪要件	串通投标罪定罪证据	1
4487	离职后单位少不工资	辞职不批准还不工资	0
4589	员工退休后领取养老金	企业退休后每月领到养老金	0
4593	定罪量刑中正确从重处罚从轻处罚减轻处罚	从轻处罚减轻处罚区别	0
4657	村委会未经表决程序土地租出去	村委会集体土地租赁	0
4690	搭公交车上下班发生交通事故受伤工伤赔偿	搭网约车上下班发生交通事故工伤赔偿	0
4692	个体工商户增值税起征点领购发票	达不到起征点个体户领购发票	1
4769	书遗嘱继承房产证明	一份书遗嘱证明才能继承房产	1
4794	经常性配偶实施家暴犯罪	一方家暴犯罪	1
4830	做离婚亲子鉴定孩子同意	离婚官司做亲子鉴定女方不同意	0
4932	中国孩子犯法	大人小孩犯法	0
5032	加盟店广告不符不想加盟特许商以合同没约定不退加盟费	加盟店广告不符特许商以合同没约定不退加盟费	1
5045	代理种类	代理种类	1
5099	代位继承条件	代位继承条件	1
5104	代位继承人丧失代位继承权	代位继承权是代位继承法律	0
5130	借款交付前保证人任意解除保证合同	贷款担保人解除担保	0
5188	事先约定违约责任还保证人承担责任	约定违约责任债务人还承担责任	0
5222	土地合同诈骗法院起诉	土地合同诈骗不报警法院起诉	1
5248	申请工伤伤残鉴定	人申请工伤伤残鉴定	1
5344	兄弟姐妹遗产继承	兄弟姐妹遗产继承	1
5360	单位去申请查询行贿犯罪档案交材料	单位打印检察院行贿犯罪档案查询告知函资料	0
5459	一个公司工作十五年炒法律赔偿	单位解聘工作满15年员工赔偿	1
5489	刑事诉讼中证人证言都定案	单一证人证言案件依据	0
5587	当事人合同约定附期限	当事人合同效力约定附条件	0
5589	车辆登记证丢失找不到还抵押车	车辆抵押车还开走	0
5594	被代理人死亡后代理	当事人死亡律师委托代理关系还	0
5633	当事人裁定申请再审	当事人申请再审条件	0
5647	告状人去世亲属起诉	当事人死民事纠纷还起诉	0
5687	公司陷入僵局	谈话陷入僵局缓和谈话僵局场面	0
5709	醉驾会吊销驾照	醉驾要吊销驾照	1
5711	档案年龄年龄不符退休年龄算	档案年龄年龄不符退休年龄算	1
5714	碰到不支付运费情况货物扣下	不支付运费损坏货物	0
5808	不立案不查	派出所立案却不查	0
5870	要约邀请	要约邀请	1
5879	盗窃罪涉案金额立案	盗窃金额算刑事案件	0
5881	盗窃文物定罪量刑	盗窃文物100万元判刑年	0
5892	盗接通信线路后出售盗窃数额	盗窃物品市场销售价价做量刑标准	0
5959	报废机动车办理注销登记	道路交通安全法申请机动车登记提交证件	0
5966	道路交通违法行为处罚种类包括	道路交通违法行为处罚种类	1
5974	交通事故司法鉴定标准	道路交通事故二级伤残鉴定标准	0
6022	合同到期后物业公司还服务原合同还	合同超过期限后物业公司还服务原合同还法律效力	1
6037	申领失业保险资料手续	登记失业领取失业金材料	0
6092	违法违章建筑物抵押抵押	抵押合同有效性区分	1
6149	地方性法规设定行政处罚	地方性法规设定行政处罚	1
6261	解除银行签订借款合同	解除银行签订借款合同情况	1
6342	电动车充电着火烧毁车	电动车充电站解决电动车充电着火题	0
6404	才能手机电信诈骗	电信诈骗手段预防	1
6456	东西偷索要赔偿	店内商品被盗员工赔偿	0
6460	用人单位员工关强迫劳动会惩罚	店长加班惩罚员工手段	0
6576	算约定保证期间	保证期间忘约定算保证期间	1
6578	纳税人丢失已开具发票后果	丢失已开具普通发票	0
6592	公司股东大会全体监事都出席会议	董监高不列席股东大会会不利后果	0
6611	合同约定运费算运费	合同里约定运费算损失	0
6622	婚姻期间一方起诉另一方支付扶养费	夫妻关系存续期间一方起诉另一方支付扶养费	1
6646	动产质押动产质押	动产质押法律关系客体	0
6673	毒驾酒驾保险公司赔付	毒驾肇事 保险公司理赔	0
6682	毒品违法犯罪会处罚	毒品犯罪基本特征	0
6704	国家孤儿	收养孤儿	0
6767	出借人明知借款人开设赌场借款会法律保护	赌场上民间借贷法律保护	0
6774	赌博100万判刑	赌资100万赌博罪量刑	1
6870	夫妻一方外遇另一方赔偿	对方婚内出轨赔钱	0
6951	微信借款不还法院起诉索偿	微信借款不还起诉索偿	1
6962	公安机关刑事拘留不服可不可以起诉	公安机关刑事拘留提起行政复议	0
6965	公安机关违法办案	公安机关违法办案	1
7023	事故认定复核不满	交通事故处理结果不满提请行政复议	0
7025	食品生产经营者监督检验结有异议	交通事故检验鉴定异议	1
7055	晚上音响放音乐扰民违法	对面老是音响大声放歌算不算扰民	0
7072	死刑执行 最高院核准 先报高院复核	判决死刑案件一级人民法院核准	0
7125	人网上传谣言侮辱诽谤检察院会起诉	网络造谣诽谤告	0
7153	小规模纳税人哪几种征收方式	小规模纳税人税款征收方式	1
7274	承租人损害出租人义务赔偿	租赁物因质量题损坏承租人赔偿	0
7372	实施多种违反治安管理处罚	多种违反治安管理减轻处罚	0
7399	儿童不宜吃食物	儿童不宜吃食物	1
7490	第二审人民法院上诉抗诉案件应否开庭审理	二审法院抗诉案件开庭审理	1
7509	婚姻中一方借款花销离婚时需偿还	一方借钱离婚另一方还钱	0
7557	二手房交易发现房子有题	二手房过户后房子题原房主责任维修	0
7562	二手房买卖交接时买方做	二手房过户时	0
7599	二手房中介合同上写过户日期	二手房买卖中介合同上写过户日期	1
7658	未过户二手房再次转卖	二手房只公证未过户再次交易买家有何风险	0
7693	债券发行过程	发行公司债券程序	1
7717	公司债券发行费用	发行债券时支付发行费用怎么回事	0
7730	夫妻婚前签订忠诚协议约定违约金	婚前签订忠诚协议定违约金	1
7763	发生交通事故车主放弃修车保险公司还要赔偿	发生车祸申请保险理赔车祸保险公司不予赔付	0
7795	交通事故后做伤情鉴定找做	发生交通事故后时间鉴定伤残	0
7834	交通事故私	发生交通事故私	1
7863	公司单方解除终止工程合同	发现建筑工程擅自分包后解除合同	0
7916	做笔迹鉴定双方同意	法定笔迹鉴定程序	0
7990	延期审理	法官自由更改审理期限	0
8021	非婚生子女抚养权	法律非婚生子女抚养权	1
8053	有限责任公司股权转让条件	法律公司股权转让禁止性	0
8082	未上报安全事故法律后果	法律安全事故隐瞒不报	0
8086	合同性质转让债权指	法律转让债权	0
8126	劳动者诊断患有职业病用人单位依法参加工伤保险医疗生活保障	法律患有职业病劳动者享受待遇	0
8154	公司恶意逃债找股东讨债	公司恶意逃债找股东讨债	1
8235	事实证据去打官司会赢	法律只重视证据不看事实	0
8243	刑事案件诉讼流程	法律诉讼过程	0
8284	法律援助会为提供	法律援助打官司会真心打官司	0
8428	法庭调查顺序	法庭调查顺序	1
8442	公安法医鉴定多长时间出	法医鉴定多长时间出	1
8443	死亡血液法医鉴定时间	法医鉴定多长时间	1
8477	案件法院不立案	法院不受理案件	0
8601	鉴定人诉讼权利	法院开庭时 原告 权利	0
8621	法院立案组做	法院立案都材料	0
8678	登记结婚时未达法定婚龄补领结婚证	结婚登记时未到法定婚龄补领结婚证时应	1
8916	抵押人房产重复抵押违法	房产重复抵押抵押人违法	1
8944	纠纷不劳动争议仲裁受案	法院受理劳动争议案件	0
8992	第三人租赁物损坏索赔	承租人损害出租人义务赔偿	0
9006	征收反倾销税后商品价格涨	反倾销税征收超过几年	0
9009	反倾销调查程序申请	反倾销调查	1
9015	机构人员公告内容负有保密义务	反洗钱工作人员反洗钱工作保密包括	0
9083	签了担保合同后解除合同	贷款担保人解除担保	0
9092	犯罪特征	犯罪特征	1
9147	开车发生事故财物损失会判刑	开车交通事故对方三死一伤会判刑	0
9164	犯罪嫌疑人拒绝权	犯罪嫌疑人权利	1
9171	犯罪证据才监视居住	犯罪嫌疑人监视居住37天因证据不足公安局会放人	0
9176	拒捕法律后果	犯罪嫌疑人拒捕警察击毙负责任	0
9260	防治城市生活垃圾污染措施	防范施工船舶上生活垃圾污水污染水域措施	0
9286	妨碍公务罪处罚	妨碍公务罪处罚	1
9314	房地产公司上市后担保	房产抵押银行贷款都还担保公司	0
9432	房产赠与还公证	房产赠与协议公证	0
9550	买房遭遇虚假宣传	房地产商虚假宣传骗老百姓	0
9567	房东不退押金	房东不退押金	1
9622	事先未约定保证方式保证人不还钱	未约定保证方式保证人要后悔	0
9628	房屋拆迁补偿	房屋拆迁补偿都	1
9672	贷款买房子证明	房屋贷款材料	0
9748	误解撤销合同	误解签订合同撤销	1
9784	假房屋买卖合同	房屋虚假广告致使房产买卖合同无效	0
9839	承租人房子装修离开时分离装修物	房屋装修纠纷办法	0
9871	房屋中介不按规定登记承租人信息后果	房屋租赁合同备案法律后果都	0
9941	租赁合同提前解除出租人退还押金	提前解除租赁合同出租人退还押金	1
9964	房子交付房款还没付	房子交了首付住进去还不起房贷会	0
9972	房屋实测面积误差超过3%结算	房子面积误差超过3%开发商测绘责任	0
9976	婚内出轨对方赔偿精神损失费	对方出轨我能精神赔偿	1
9993	遗产分配不公	遗嘱遗产分配不公法律效力	0
10005	一房数租房屋租赁合同顺序	房租租赁协议保障权益	0
10044	放纵走私罪判年	放纵走私罪相关条文	0
10060	不交物业费物业权利停水停电	拖欠物业费物业断水断电	1
10108	非法处置查封扣押冻结财产罪	非法处置查封扣押冻结财产罪案件归属	0
10122	非法行医患者人身损害赔偿	非法行医患者人身损害赔偿	1
10130	父母离婚抚养方阻止另一方去看孩子	情形阻止另一方探望孩子	0
10181	非法集资罪判刑	非法集资罪量刑标准	0
10314	非法吸收公众存款罪处罚	非法吸收公众存款4千万判刑几年	0
10373	非法种植毒品原植物罪处罚	非法种植毒品原植物罪未遂处罚	0
10386	患病丧失劳动能力员工解雇	非工伤丧失劳动能力公司解除劳动合同	1
10483	起诉重婚时起诉离婚	起诉重婚时分开起诉离婚	0
10535	别人借钱不还钱占有抵押物	债权人占有质押物	0
10538	分公司经营范围设定	分公司经营范围总公司	0
10563	注销分公司材料	分公司注销步骤	0
10711	离婚时清偿夫妻债务	夫妻债务离婚后承担	0
10740	夫妻之间相互扶养义务	夫妻间扶养义务包括	0
10749	婚内夫妻间借款离婚后不用还	夫妻间婚内借款协议	0
10821	夫妻忠诚协议不法律效力	夫妻签订忠诚协议法律效力	0
10843	夫妻之间相互扶养义务	夫妻之间负有相互扶养义务	1
10870	婚内出轨导致离婚财产分割	婚内出轨男女双方离婚财产分割	1
10923	一方名义借钱夫妻债务	夫妻一方名义所负债务夫妻债务	1
10959	担保人不履行担保责任	担保人不履行赔偿责任	0
10981	口头借款对方不还钱	借款不还老赖户该	0
11039	按揭房离婚时分割	父母出资按揭房离婚时分割	0
11052	父母债务子女偿还	父母债务子女义务偿还	1
11108	材料未签借款合同债权凭证	借款签订合同债权凭证材料	1
11138	父母未尽子女抚养义务子女拒绝赡养	父母未尽抚养义务子女拒绝赡养	1
11162	法院拍卖所得房产落户未成年子女名下	父母转给未成年人子女名下房产能会法院拍卖	0
11275	复婚办理手续证件	复婚办理手续证件	1
11394	上市公司高管提前得知内幕信息私下股票交易	高管买卖公司股票合法	0
11438	高速公路时速	高速公路最低时速	0
11453	第三人租赁物损坏索赔	第三人损坏租赁物索赔	1
11525	婚前协议约定夫妻一方提出离婚	婚前协议可不可以约定永不离婚	0
11539	个人独资企业一个人投资设立企业	个人独资企业投资人仅能自然人	0
11605	自然人之间聘用关系劳动关系	劳务关系劳动关系	1
11637	缴纳社保	交社保	0
11653	租房不合法租赁合同	签定房屋租赁合同	0
11673	人申请劳动能力等级鉴定	申请工伤劳动能力鉴定都提供	0
11708	网上恶作剧骚扰去维权	个人信息人发到网上天天骚扰电话	0
12037	企业事业单位处分职工时工会职工	工厂工会作用处罚员工工会	0
12091	工程欠款利息计算	工程欠款利息计算	1
12157	工会活动准则	工会活动准则	1
12189	工会经费包括	工会经费	0
12193	工会组织职能	工会经费管理原则	0
12195	工会经费原则	工会经费用于哪些方面	0
12203	工会劳动争议调解委员会中地位	工会调解劳动争议劳动案件工会	0
12213	工会组织教育职工各项活动	工会邀练培训指导会计科目做	1
12307	工伤职工安装伤残辅助器具	工伤辅助器具申请伤残鉴定坐	0
12401	工伤赔偿协商后反悔去申请仲裁	工伤赔偿私协议反悔	0
12404	工伤劳动仲裁和解协议书反悔	工伤赔偿协商后还申请仲裁	0
12405	工伤赔偿协议签定后申请劳动仲裁协议还	工伤赔偿协商后仲裁	1
12525	工伤期间用人单位扣工资社保费	工伤社保赔付后企业还会支付赔偿	0
12561	单位未工伤伤残等级员工解除劳动合同	工伤未伤残等级用人单位解除劳动关系	1
12584	工伤员工享受带薪年休假300%工资	工伤员工休工伤假后带薪年假取消	0
12597	劳动者因工死亡应享受待遇	工伤职工死亡享受待遇	1
12650	移出经营异常名录流程	工商局经营异常多久解除	1
12691	"负债追讨未果欠款人车辆""扣押"""	对方不还钱占有车子	0
12695	男女领假结婚证住在一起算真实婚姻	提供虚假证明登记结婚算无效婚姻	0
12737	工资总额哪几	工资总额包括内容计算工资总额	0
12739	工资总额包括几项	工资总额哪几	1
12769	劳动合同到期公司不续签经济补偿金	工作三年合同到期单位不续签后经济补偿	0
12811	赡养人放弃继承权不尽赡养义务	放弃继承权后不赡养父母	1
12829	公安机关办错案	公安机关办错案要素	0
13012	逮捕部门批准	公安局逮捕程序	0
13074	公安机关扣押财产会开几份扣押清单	公安局扣押物品不开物品扣押清单	0
13131	公司所欠下债务股东偿还	公司资不抵债清偿债务时股东负责清偿	0
13137	租户不退押金说租赁物磨损说法合法	出租人租赁物丢失不退押金	0
13168	公交车刹车乘客受伤能要公交公司赔偿	公交车刹车导致乘客受伤赔偿	0
13197	著作权公民享有法人组织	公民法人享有著作权依法权利	0
13235	公民犯罪嫌疑人扭送司法机关	公民扭送刑事强制措施关系	0
13300	公司长期经营列入经营异常	公司列入经营异常不会影响后果	0
13307	约定保证方式保证期间计算	未约定保证方式保证期间计算	1
13311	保证期间等同于债务履行期间视为约定保证期间	我国法律上保证期间等同于债务履行期间视为未约定保证期间	0
13363	解除劳动合同年假补偿金	公司不休年假不补偿解除劳动合同补偿	0
13543	企业发行债券具备条件	公司发行债券公司净资产有要	0
13589	公司拖欠工资公司账上没钱股东都很有钱	公司法人从不管理股东欠工资办	0
13601	劳动合同上法定代表人签字	公司法人还要签劳动合同	0
13654	企业少发员工工资员工推举代表申请劳动仲裁	公司员工少缴社保可否申请劳动仲裁申请	0
13680	侵犯企业经营自主权起诉	公司股东提起行政诉讼 原告名义界定	0
13735	用人单位合并后未签订劳动合同合法	公司合并未签劳动合同满一年提出赔偿	0
13737	公司合并形式程序债权债务处置	公司合并债权债务	0
13762	监事工作中费用由谁来承担	公司监事公司部门	0
13779	公司降职降薪签订劳动合同	公司降职降薪合法劳动合同空白	0
13816	再婚享受婚假天	二婚请婚假请几天假	1
13822	拖欠运费起诉	别人拖欠运费起诉起诉	0
13882	房东不退押金合法情况	房租到期房东不退押金解决	1
13921	公司不正规签订劳动合同有用吗	公司员工签订劳动合同算不算违法	0
13947	公司减少注册资本	公司减少注册资本	1
14027	三证合一注销	公司三证合一钱	0
14037	上市公司公开信息	公司上市信息都保密	1
14049	公司上市融资	公司上市融资	1
14090	上市交易公司债券情况时终止上市交易	公司申请公司债券上市交易符合条件	0
14113	子女不赡养父母才能履行义务	赡养题老人过错方子女不赡养	0
14172	公司拖欠工资	公司拖欠工资	1
14214	签订婚内财产协议无效	手写婚内财产约定协议书法律效力	0
14265	夫妻签订婚前协议约定任何一方都提出离婚合法	婚前协议约定任何一方都提出重婚	0
14278	员工工伤住院企业支付营养费	公司工伤员工支付营养费	0
14292	合同到期后物业公司还服务原合同还	物业公司小区服务合同到期员工补偿	0
14323	公司不办离职我能离职单寄回去	公司拖不办理离职手续	0
14336	无权代理合同被代理人追认合同效力	事后再追认无权代理合同还	1
14367	公司几种形式我国公司法形式	公司几种形式我国公司法形式	1
14457	公司债券发行条件	公司债券发行条件	1
14468	公司债券发行法律	公司债券股票区别法律	0
14536	公司申请登记	公司注册登记流程	0
14549	登记注册业务网上注册办理	公司注册网上申请申请流程	1
14553	公司注册材料	公司注册材料	1
14570	办理注销登记时要交清算报告	公司注销清算报告会计师事务所出具	0
14623	公诉案件不满	公诉案件证据不足法院判	0
14637	再婚夫妻子女之间办理结婚登记	再婚后父母结婚	0
14641	公务人员拘留会开除公职	公务人员拘留会开除公职	1
14749	公证机构部门领导管理	公证处部门	0
14773	公证机构部门领导管理	公证机构管理制度	0
14791	公证书法律效力	公证书法律效力	1
14899	主人遗弃宠物咬伤人该	狗咬人狗主人负法律责任	0
14902	狗咬伤人后狗主人推卸责任不赔偿	狗咬伤人主人不赔偿法律程序索赔	0
14925	承租人迟延付租金提出解约	租客 拖延交房租不交房租	0
14952	诈骗罪要件	诈骗罪要件	1
14993	经济适用房未纳入解释调整	购房人退房双倍赔偿	0
15098	外国外国人登记结婚法律效力	中国人外国人结婚结婚证	0
15109	已足额出资股东解除抽逃出资股东资格	股东抽逃出资公司有权股东履行出资义务	0
15126	股东有否诉讼权行使	股东代表诉讼当事人	0
15185	私自拿走公司财物构成犯罪	股东私自公司物品回家罪	0
15190	股东委托律师参加股东大会	股东委托股东参加股东大会	0
15197	公司股权转让后出资证明书	股东想转让公司股权	0
15205	股东公司债务承担连带责任	股东公司债务承担连带责任	1
15245	债务关系借款人不还钱担保人义务偿还	借钱签订借款合同到期不还担保人还款合法时间	0
15301	股份有限公司破产时债权人股东讨债	股份有限公司破产时债权人股东讨债	1
15306	有限责任公司股份有限公司区别	股份有限公司	0
15332	股份有限公司董事任期	股份制企业董事会三年换届	0
15358	公司发行股票程序规则	股票发行公司首次发行股票条件	0
15394	股票增值收益夫妻共同财产	股票收益共同财产	0
15422	合伙人股东有何区别	股权合伙人区别	0
15435	股权收购资产收购区别	股权收购资产收购区别	1
15437	股权投资	股权投资选择哪家公司好	0
15460	股权转让公证	股权转让公证	1
15482	未约定保证期间起诉担保人索偿	事先忘约定保证期间起诉担保人索偿	1
15483	公司依法转让后原股东还承担原公司债务	股权转让后股东承担责任	0
15551	损坏国家文物后果	故意毁坏文物会判刑	0
15591	保证人没钱不履行赔偿责任	保证人没钱不履行担保责任	1
15596	故意伤害罪致人死亡过失杀人罪区别	故意伤害过失致人死亡罪判年	0
15728	孩子偷买手机退货遭拒家长有权退货	小孩偷父母钱去超市买东西能要退货	0
15750	婚后买房资料证明夫妻共同财产	婚前买房资料证明夫妻共同财产	0
15840	赌博犯罪定罪处罚	赌博罪法律上会刑事处罚行政处罚	0
15846	拖欠货款诉讼时效是从计算	拖欠货款诉讼时效计算	1
15959	行政机关乱收费	行政机关违规收费题	1
15993	证券登记结算机构措施保证业务	证券经纪业务管理详细内容	0
16016	交通肇事罪条件	交通肇事罪认定	0
16043	合同履行地公司注册地	劳动合同公司地址公司注册地址不	1
16127	企业办理退税时需注意题	企业所得税退税手续	0
16225	漏水维修过程中发现主管道腐烂	卫生间主管道漏水责任部门	0
16237	小区停车位收费所得	小区里停车位收费合法	0
16243	网贷平台本金中预先扣除出借本金	网贷平台本金中预扣居间服务费出借本金	1
16274	医疗事故赔偿医院协商	医疗事故赔偿题	0
16414	对比广告法律	广告代言法律责任	0
16532	国家产品质量实行监督管理体制	国家产品质量实行监督管理体制	1
16546	残疾儿童受教育权利保护	国家残疾人都救助政策	0
16586	法定节假日值班人员伙食费补贴	国家法定节假日值班加班工资算	0
16623	产假天休	国家产假休息天时间休	1
16652	国家机关可不可以保证人	国家机关担保人	0
16664	临时工节假日上班加班费	国家劳动法临时工超小时算加班	0
16719	我国学位哪几种	国家设置专业学位类型哪几种	1
16733	执行死刑流程	国家执行死刑过程	0
16766	合同显失公平	合同显失公平法律效力	1
16775	我国受理涉外仲裁案件仲裁机构	国内仲裁机构受理涉外案件	0
16778	外资有限公司设立需资料	国内注册外资公司流程	0
16836	国有独资公司董事会职权	国有独资公司董事会职权	1
16883	企业改制后劳动合同变更劳动者改制后企业变更劳动合同时出现分歧	国有企业改制后职工劳动合同签订	0
16971	故意伤害罪过失致人死亡罪	过失致人死亡罪故意伤害罪些	0
16995	借钱到期拒绝还款起诉收集证据材料	我要起诉借钱到期拒绝还款证据材料	1
17027	孩子偿还债务法院拍卖父母名下房产	孩子欠款去世法院强制拍卖父母房子	1
17066	出借人时间钱借款人违约	出借人按时钱借款人违约	1
17076	夫妻共同财产包括婚前房屋再婚后拆迁补偿房屋	男方婚前老房子 结婚后拆迁属不夫妻共同财产	0
17129	行人高速公路上拦车交通事故	行人闯高速公路撞责任	0
17140	行人高速公路发生交通事故应由谁来负责	行人发生交通事故原因	0
17223	行政不损失赔偿	行政不国家赔偿法律	0
17227	监督检查部门作出不服提起行政诉讼	行政部门乱不提起行政诉讼	0
17289	行政处罚程序包括内容	行政处罚听证程序包括内容	0
17294	确立行政处罚监督制度意义	行政处罚先行告知书作用	0
17332	行政法规设定行政处罚	行政法规设定纪律处分	0
17356	行政复议遵循原则	行政复议原则	1
17365	行政复议原则	行政复议原则	1
17407	请延长申请行政复议期限条件	行政复议申请延期缴纳行政处罚	0
17416	行政复议申请书行政机关递交	行政复议申请书行政机关递交	1
17453	行政合理性原则包含内容	行政合理性原则	0
17471	行政机关行政许可申请人申请	行政机关行政许可申请不予受理	0
17484	行政机关擅自变更行政处罚内容应对	行政机关撤销做出行政处罚	0
17546	借款人死亡后担保人承担还款责任	债务人死保证人还钱	0
17610	人民法院审理行政上诉案件审限几个月	行政上诉案中级人民法院开庭后多长时间出判决	0
17618	单位应配备会计人员	行政事业单位财务会计人员几种	0
17631	境外主体提起诉讼要交材料才能证明主体资格	行政诉讼被告证据清单	0
17672	法院行政上诉案件会审理多长时间	行政诉讼法行政案件审理期限	0
17680	情况租赁物损坏承租人赔偿	租赁物损坏情况承租人赔偿	1
17704	行政诉讼都公开审理	行政诉讼不公开	0
17721	行政诉讼人民法院特定主管原则	行政诉讼特有原则包括人民法院特定管辖原则	0
17828	航次租船合同船舶水尺不准损失责任	航次租船合同中预备航次意义	0
17855	着色剂量不超过使用量	合成着色剂饮料中使用量	0
17870	合肥市外商投资企业劳动管理办法	合肥市财政局机构设置	1
17916	合伙企业债务承担	合伙企业债务承担	1
17917	合伙企业投资者应缴纳税	合伙企业证券投资缴纳税款	0
17925	合伙人未合伙协议出资	合伙人退出投钱	0
17929	合伙人不愿履行合伙协议中资产出资义务	合伙人违反合伙协议咋办	0
17933	公司股东合伙人	合伙人股东区别	0
17938	订立合伙协议载明事项	合伙协议 注意事项签订合伙协议书时应事项	1
17965	合同变更合同更新有何区别	合同补充协议变更协议区别	0
18049	合同形式	合同形式	1
18053	签订合同时约定数量条款时	合同条款签订时应题	0
18115	违约责任分类免责事由	合同法违约责任免责事由	0
18205	合同风险预防	合同风险防范措施	1
18242	婚前财产公证办理	婚前财产公证办理地方	0
18311	租房合同没到期房东卖房子	合同没到期房东不租房子	0
18341	没提前一个月提辞职公司违约金合法	合同期未满提前一个月辞职要交赔偿金	0
18348	合同欺诈常见情形	合同欺诈中有情形应负刑事责任	0
18381	劳动合同上写自愿加班	合同上写自愿加班二天加班费	0
18385	传真件形式签订合同	合同上注明合同传真件合同效力	0
18427	违约金	合同违约金计算	0
18550	前房主物业费未交承担	前业主拖欠物业费没交要现业主补交	0
18573	合同诈骗罪要件	合同诈骗罪立案标准刑事案件	0
18668	当事人合同权利义务终止	合同终止条件终止后当事人义务	0
18692	合作开发软件著作权归属	合作开发软件软件著作权登记	0
18735	父债子还合法	子债父还合法	1
18772	合同认定合同	合同具备条件才算	1
18776	装修公司签合同时要	装修公司签订装修协议	0
18805	设计logo红十字会标志注册商标	红十字换成颜色做产品商标	0
18841	欠条起诉还钱法院支持	欠条不还欠起诉	0
18854	户籍已注销申办出生公证	户口已迁出人办理出生证明	0
18862	护理费计算	护理费计算	1
18906	怀孕期间公司调到薪水低岗位	怀孕期间调换岗位降低工资	0
18920	公司资不抵债清偿债务时股东我要负责清偿	公司资不抵债剩下债务会股东承担	1
18938	公益诉讼	环境公益诉讼原告	0
18945	生态环境领域行政公益诉讼案件	环境民事公益诉讼环境行政诉讼区别	0
18991	累犯符合缓刑条件	缓刑犯都不累犯	0
18993	丈夫婚前付首付婚后夫妻还贷房子	婚前付首付婚后还贷房子	1
19042	分居关系遭遇家暴申请人身保护令	同居家庭暴力申请人身保护令合法	0
19053	患者损害情形下医疗机构不承担赔偿责任	患者损害情形医疗机构不承担	1
19100	会计法部门重复查账	会计法部门重复查账	1
19127	会计核算哪种货币记账本位币	会计核算人民币记账本位币	0
19196	结婚后才发现对方生理缺陷离婚	婚后发现对方生理缺陷离婚理由	1
19207	婚后对方父母买房离婚时能回来	婚后父母出资买新房离婚后父母出资那份回来	0
19275	婚假工资计算	婚假扣不扣工资算	1
19292	婚内财产协议债务承担	婚内财产债权债务个人所有生效	0
19310	婚内出轨起诉离婚会判	婚内出轨起诉离婚会判	1
19346	借钱不当地法院起诉	借钱不外地法院起诉	0
19355	婚前房产丈夫死后配偶继承权	婚前房产死后配偶继承子女继承	0
19385	婚前个人财产结婚后会夫妻共同财产	婚前个人财产婚后年夫妻共同财产	0
19387	婚前房屋婚后卖掉所得财产夫妻共同财产	婚前房屋婚后卖掉所得财产夫妻共同财产	1
19439	婚前买房资料证明夫妻共同财产	婚前买房夫妻共同财产	0
19564	合伙企业欠钱不还只起诉一个合伙人	合伙企业欠钱不还我能只起诉一个合伙人	1
19608	货车载客抓会被扣车	货车超载驾驶证扣留	0
19678	一方出轨另一方提出离婚维护权益	过错方提出离婚我要维护权益	0
19710	未约定保证期间地方起诉担保人索偿	未约定保证期间起诉担保人索偿	0
19717	交通事故责任强制保险赔偿标准	机动车交通事故责任强制保险钱	1
19728	租客之间发生矛盾出事情房东负责任	房客租房设备损坏导致受伤负责	0
19749	约定保证方式保证期间计算	事先约定保证方式保证期间计算	1
19810	基层人民法院审理第一审行政案件	基层法院管辖第一审行政案件	0
19826	帮托管宠物咬伤其他人托管人担责	基金管理人受托人基金托管人委托人	0
19877	婚内出轨人育小孩算不算犯法	男方婚内出轨生下孩子算犯罪	1
19883	行使起诉探视权受阻起诉材料	起诉探视权对方不应诉法院	0
19935	法院认定分居	分居离婚法院认定	1
20001	金融诈骗罪特征	集资诈骗罪特征	0
20059	授权买卖	授权无效包括情况	0
20091	技术合同包括内容	技术合同内容应包括条款	0
20093	技术开发合同	技术合同软件开发合同区别	0
20133	公交司机刹车乘客受伤公交公司赔偿合法	公交车刹车乘客受伤能要公交司机赔偿	0
20278	夫妻一方擅自出售共有房屋效力	共有房屋未经共有权人同意出售合同效力	1
20286	租客不交房租不肯东西搬走房东	收回拖欠租金不租金租赁物	0
20290	扶养子女一方再婚后死亡子女抚养	再婚后继子女抚养费再婚者关系	0
20346	家暴离婚财产分割	家暴离婚财产分割	1
20348	家庭暴力离婚对方赔偿	家暴离婚赔偿	1
20382	我家漏水殃及楼下不漏水情况才责任分	家里漏水殃及楼下楼下说墙壁发霉赔偿	0
20410	遭遇家庭暴力起诉离婚孩子会判	家庭暴力离婚孩子会判	1
20436	遭遇家庭冷暴力应收集证据	家庭冷暴力证据	0
20448	楼下邻居违章建筑整改不理会	家影响邻居不履行协议我该	0
20494	假离婚买房法律后果	假离婚买房法律后果	1
20544	社会医疗保险商业保险保险报销	住院社保商业保险报销	0
20582	价格欺诈表现形式	价格欺诈法律责任	1
20590	私下做婚前财产公证	私下做婚后财产公证	0
20593	公司隐瞒债务转让债权人索偿	公司隐瞒债务转让债权人索偿	1
20622	定为非法集资p2p投资人前期收益退回	网贷平台涉嫌非法集资投资人还回资金回	0
20647	丧偶儿媳不照顾公婆	丧偶儿媳继承公婆财产	0
20660	驾照降级	驾驶证降级新实施	0
20705	驾驶证扣满12分降级	驾照降级	1
20728	欠别人钱不还还他用担保物抵债	欠款人不还钱扣押财产抵债	0
20735	间歇性精神病人负刑事责任	间歇性精神病人承担法律责任	0
20770	借款合同未到清偿期提前续约合同清偿	借款合同清偿期还没到提前解除合同清偿	0
20819	未约定保证方式保证人能免除保证义务	借款人逃跑担保人负责任	0
20836	罪犯服刑期间见亲人	监狱服刑人员 外出见亲人朋友	0
20854	监狱警察会处罚	监狱人民警察纪律规范	0
20892	提请检察院提起公诉	检查院提出公诉	0
20930	再婚夫妻共同财产指	一婚夫妻共同财产包括	0
20965	法官分居两年认定夫妻感情破裂	感情不不履行夫妻义务认定分居	0
21016	小区未物业公司签物业合同能要物业公司搬走	物业公司签订物业服务合同交物业费	0
21082	物流运输途中预定货物损坏理赔起诉	货物运输过程中损坏理赔起诉	1
21242	人民法院直接受理刑事案件	人民法院直接受理刑事案件种类	1
21243	人民警察查验居民身份证	人民警察执行职务时依法查验居民身份证情形	1
21247	夫妻之间相互扶养法定义务	夫妻之间赡养义务	0
21287	男方婚前老房子 结婚后拆迁属不夫妻共同财产	老家婚前房屋再婚后拆迁补偿房屋算做共同财产	0
21292	中国哪几种债券	我国债券类型	1
21305	夫妻签订婚前协议约定任何一方都提出离婚合法	婚前协议可不可以约定永不离婚	0
21318	有限责任公司异议股东行使股权收购请权情形	有限责任公司异议股东行使股权收购请权情形	1
21387	工程合同对垫资约定不明追讨工程垫资	建设工程当事人约定垫资利息应	0
21389	烂尾楼工程款优先受偿权算	建设工程优先受偿权行使期限多长时间	0
21439	家暴人身安全保护令要法院申请	遭遇家暴想申请人身安全保护令去法院	1
21541	健身房退费时扣除课程费做法	健身房私教课退款请律师打官司收费大概	0
21665	遭遇家暴想申请人身安全保护令去法院	家暴想要申请人身安全保护令法院申请	1
21762	交通事故收费	交通事故对方要钱	0
21870	交通事故伤残评定应题	交通事故伤残评定途径伤残评定评定	0
21892	事故财产损失垫付钱能回来	交通事故对方责任垫付钱还给	0
21894	交通事故对方全责拒绝赔偿	交通事故对方全责赔偿费用	0
21898	发生交通事故医疗费承担	交通事故对方全责不赔偿伤残	0
21949	交通事故后车子被扣	交通事故后被扣车辆多久	0
21975	交警扣留车辆后交押金	交通事故后缴纳押金才能放车	0
22014	交通事故简易程序	交通事故简易程序情形	0
22084	未约定保证程序保证人能免除保证义务	事先未约定保证方式保证人免掉保证义务合法	0
22115	朋友逾期还款我要支付逾期还款利息合法	按时还款支付逾期还款利息	0
22124	交通肇事责任认定书复核不满意	交通事故认定书不满部门申请复核	0
22126	交通事故认定书签字才	交通事故认定书签字才	1
22186	交通事故伤残鉴定材料	交通事故伤残鉴定材料	1
22193	交通事故伤残鉴定时间	交通事故伤残鉴定时间	1
22258	交通事故私	交通事故私时要题	1
22318	交通事故误工费计算	交通事故误工费陪护费计算	0
22343	租房房客不交物业费物管房东交	物业费法律房东交还房客交	0
22381	交通事故责任划分赔偿比例	交通事故责任划分保险公司理赔比例	0
22391	交通事故责任认定	交通事故责任认定不公	0
22447	交通事故责任认定主次分	交通事故责任认定主次责任	0
22448	交通事故责任认定	交通事故责任认定	1
22480	肇事者逃逸受害人出具责任认定书	交通事故肇事者逃逸开具责任认定书	0
22514	交通肇事致人死亡责任司机承担刑事责任	交通事故致人死亡构成犯罪	0
22517	交通肇事致人死亡构成犯罪	交通事故致人死亡	0
22569	交通事故诉讼时效中断	交通事故中责任认定诉讼时效	1
22597	交通事故责任交通事故赔偿责任区别	交通事致人死亡责任全责区别	0
22603	债务人偿还担保人拒绝履行担保迟延利息	担保人拒绝履行担保迟延利息债务人还	1
22641	事故负责任担责	交通肇事逃逸负责任	0
22675	交通肇事罪犯罪构成认定	交通肇事罪认定	0
22676	交通肇事罪行为人主观	交通肇事罪认定	0
22708	犯重婚起诉	对方犯重婚去起诉	0
22721	债务人不履行担保责任后果	担保人不履行担保责任会后果	0
22746	教师法中教师享有权利	教师享有权利	1
22815	快件人冒领赔付对象商家快递公司	人冒领快递找赔偿	0
22823	结婚条件	结婚实质条件形式条件	0
22881	结婚证公证材料	结婚证公证材料	1
22903	法院起诉解除合同事先通知对方	解除合同通知对方当事人	0
22923	食品保质期	食品保质期指	1
22924	经济补偿金最计算年	解除劳动合同经济补偿金计算多长时间	0
22978	债权转让时债权人单方解除	解除债权转让债权转让协议书解除	0
22984	公司支付补偿金退休员工	解雇已退休职工支付补偿金	0
22988	合同纠纷解决方式	解决合同纠纷方法	1
23053	借壳上市条件	借壳上市条件	1
23073	银行贷款合同中包含内容	借款合同包括内容	0
23083	借款合同包括内容	借款合同款项包括	0
23105	借款合同应包括条款	借款合同应包括条款	1
23138	借款人改变合同约定借款用途借款	借款人改变借款用途我能提前还钱	0
23190	出借人按时钱借款人违约	借款时约定利息归还时出借人索要利息	1
23272	借钱不还当地法院起诉	借钱不还当地法院起诉	1
23276	借钱不还起诉会坐牢	借钱不还起诉会坐牢	1
23278	合伙企业欠钱不还只起诉一个合伙人	欠钱不还法院胜诉后不还	1
23362	醉酒签订合同借据承诺书	借条签字承诺书担保	0
23463	转账凭证证明借款关系	仅银行转账凭证认定民间借贷关系	1
23502	对方拘留所离婚	进拘留所还协议离婚	0
23528	本人授权买卖	授权买卖	1
23603	经济补偿金计算包括收入	经济补偿金计算包含绩效工资	0
23609	劳动纠纷赔偿金最年	经济补偿金年限年	0
23634	经济犯罪特征	经济犯罪特征	1
23667	经济适用房自由买卖	经济适用房还再次购买	0
23699	刑事案件检察院会通知家属犯罪嫌疑人	检察院批准逮捕 会通知当事人家属	0
23718	经营劳务派遣业务具备条件	经营劳务派遣业务具备条件	1
23764	精神病司法鉴定程序	精神病鉴定程序	1
23765	精神病鉴定程序	精神病鉴定程序	1
23791	坐客车受伤客车没责任拒赔起诉索赔	乘坐客车过程中受伤客车没责任拒赔起诉索赔合法	1
23796	精神病人犯罪监护人赔偿	精神病人清醒时犯罪处理结果	1
23812	精神损害抚慰金赔偿请权继承	精神损害抚慰金请权继承	1
23840	警察玩忽职守不履行法定义务处罚	警察不乱公安局警察	1
23841	受害方警察不给予我该	警察不乱公安局警察	0
23885	执行逮捕时情况不用搜查证搜查	警察搜查时持有搜查证违法	0
23890	调查治安案件非法手段收集证据处罚	警察笔录做假负法律责任	0
23905	证人出庭事项	警察证人出庭题	0
23976	别人欠钱财产转移完毕	别人欠钱还转移财产	0
24007	酒后开车出事故车酒友承担责任	酒后车祸连带责任	0
24015	酒后驾车会处罚	酒后驾车肇事逃逸会处罚	0
24074	酒驾醉驾区别	酒驾醉驾处罚	0
24171	拘留所病不用拘留	拘留所疾病拒收	1
24193	判处拘役后会留下案底	拘役案底会保留多久会销案	0
24200	迟付租金收回租赁物	迟付租金租赁物是收回合法	1
24214	有期徒刑缓刑	拘役缓刑区别	0
24286	诈骗犯会从重处罚	拒不认罪从重处罚法律依据	0
24336	聚众斗殴判刑	聚众斗殴导致都轻伤判	0
24373	同居期间遭遇家暴申请人身保护令	同居关系遭遇家暴申请人身保护令	1
24384	分析债券价格因素	公司债券发行价格因素	0
24445	帮人开车出意外撞死人责任	开车意外撞死人会承担刑事责任	0
24446	开车不小心撞人起诉费用理赔	开车不撞人保险公司会理赔	0
24514	开发商拖欠工程款工人起诉开发商追讨工资	开发商拖欠工程款工人起诉开发商追讨工资	1
24604	遭遇家暴申请人身安全保护令要收集证据	家暴申请人身安全保护令提供证据	1
24615	涉外离婚后查对方国外资产	涉外婚姻离婚时查询对方国外财产	1
24795	租赁合同提前解除还出租人退还押金	按时解除租赁合同出租人退还押金	0
24817	证据材料证明家暴	家庭暴力事实认定证据	1
24858	客运合同成立	客运合同诺成合同	0
24863	兼职辞职时不签离职协议会后果	肯德基兼职随便离职	0
24871	我国环境空气质量评价分级	空气质量分为几个等级	0
24955	物品快递途中丢找快递公司赔	快递公司东西弄丢赔偿找部门调节	0
24956	我能快递公司网店索要赔偿	快递公司东西送给别人赔偿	0
24983	快速理赔时间	快速理赔时间	1
25070	未借款人同意签订保证合同	未债权人同意签订保证合同	1
25071	法律加班时间	劳动法法定一个月加班时间	0
25085	法律员工辞职后多久拿到工资	劳动法辞职后员工工资多久内要结清	1
25093	请假做产检单位扣发工资	劳动法女职工上班期间产检公司扣钱	1
25126	双倍工资赔偿	劳动法双倍工资赔偿情形	1
25265	劳动合同种类	劳动合同类型	1
25296	劳动合同试用期	劳动合同法员工试用期	1
25313	劳动合同法适用范围	劳动合同法适用范围	1
25404	劳动合同约定保密协议	劳动合同条款中保密协议条款	1
25455	未订立书面劳动合同劳动报酬约定不明	劳动合同中劳动报酬未约定	0
25542	香港注册结婚大陆会承认	港澳台注册结婚国内会承认	1
25565	员工退休时劳动合同未到期	劳动者法定退休年龄劳动合同未到期	1
25589	认定工伤情形	劳动者认定工伤	1
25605	劳动者提前通知用人单位解除劳动合同	劳动者随时通知用人单位解除劳动合同	0
25688	起诉离婚驳回再起诉	起诉离婚驳回再次起诉时间	0
25706	近亲几代以内结婚	相隔几代才不算近亲结婚	0
25819	劳动仲裁过程中申请先予执行	劳动仲裁过程中申请先予执行	1
25995	派遣员工加班工资发正式工不	劳务派遣员工加班工资正式工	0
26034	老板炒	老板炒勒	0
26049	老板炒	老板说炒	0
26078	罪犯申请探亲离监流程走	老公判刑老婆要生可否申请离监探亲	0
26102	婚前买房将来分财产有后找老伴	老公还不起房贷老婆名下婚前财产会没收	0
26140	办理遗产公证材料	办理遗产公证提交材料才	1
26236	申请缓刑条件	累犯缓刑	0
26253	兄弟分家产分才能纠纷	兄弟家产纠纷	1
26275	离婚案件被告不到庭缺席判决	离婚案件被告不到庭缺席判决	1
26307	抵押车行驶证丢补办	车辆登记证丢失找不到还抵押车	0
26359	异地办理放弃继承权公证材料	放弃遗产公证	1
26388	未约定保证方式债权人起诉拒绝出庭	约定保证方式债权人起诉拒绝出庭	1
26432	国家孤儿	法定领养孤儿条件	0
26454	孩子探视权离婚时法院会判决	离婚后孩子探视权法院判	1
26521	离婚时继承房子判	离婚后子女继承权题	0
26577	去告对方怕对方转移财产	离婚前对方故意转移财产	0
26609	离婚时嫁妆分	离婚时嫁妆分	1
26803	离婚协议写明一方放弃孩子探视权法律上	离婚协议中放弃探望权约定	1
26890	生育险报	离职后生育险还报	0
26993	微信公众号中logo侵权	利用代有公司logo图片宣传侵权	0
27076	工会组织随意撤销合并	两个单位合并原工会组织需选举	0
27095	两名原告起诉书写	两个原告起诉状都本人签名	0
27148	家暴想要申请人身安全保护令法院申请	家暴人身安全保护令要检察院申请	0
27183	邻居私占楼道私自拆	邻居私自占用小区公摊面积我该使拆除	0
27198	邻居总往家门口乱扔垃圾	邻居垃圾放在家门口	0
27215	被申请人违反人身保护令后果	被申请人违反人身保护令有后果	1
27265	临时工单位意外跌伤社保负责	临时工公司里受伤买意外保险有用吗	0
27301	买彩礼借钱导致生活困难对方返还	领了结婚证没生活返还彩礼	0
27325	特许商违约拒退加盟费起诉	特许商违约拒退加盟费我该起诉特许商	1
27386	借钱对方拒绝还款占有车子	对方不还钱占有房子	0
27431	楼上租户噪音扰民办理续租	楼上租户半夜扰民报警 楼上噪音扰民	0
27556	履行合同附随义务	履行合同履行合同原则	0
27630	家属会见在押犯罪嫌疑人	律师会见犯罪嫌疑人公安局见嫌疑人家属	0
27636	合作企业合伙人欠债跑路承担债务	我司一个合伙人欠债跑合伙人承担债务	1
27671	申请保全错误法律责任承担	律师申请保全延误会承担法律责任	0
27764	买车欺诈	买车后感觉骗欺诈	0
27785	买发霉大米赔偿	买发霉食品赔偿	0
27924	买房首付贷款	买房首付贷款	1
27938	买房时开发商停车位业主	买房车位产权	0
27995	未过户二手房再次转卖	买二手房没过户还再次买卖	1
28138	卖方逾期交货买方拒收	卖方违约 违约金算	0
28168	贩卖假烟抓会被判年	卖假烟抓住	0
28290	对方公司倒闭追回货款	对方公司倒闭追讨未付货款	1
28316	没收财产罚金并用	没收财产罚金并罚执行	0
28317	没收财产处罚金	没收财产罚金合并执行	1
28353	企业参加工伤保险职工国家享受待遇	参加工伤保险享受工伤待遇	0
28364	盗窃罪金额会判刑	盗窃金额较大数额会判刑	0
28365	未法定婚龄结婚承担责任	法定婚龄结婚承担责任	0
28378	法定从轻减轻情节可否法定最低刑下量刑	法定从轻情节从轻处理	0
28512	未签劳动合同患职业病	签劳动合同发生工伤	0
28535	违约金计算方法	损失时违约金计算	0
28626	美容院换老板新老板不让我用会员卡里钱	美容店办卡不让不让退	0
28652	误诊免责事由	免责种类	1
28800	离婚孩子对方抚养我能多久行使探视权	离婚孩子探视权多久行使	1
28863	债权人转让权利方法	民间借贷中债权转让方式	0
28956	证人出庭作证申请时间	民事案件中证人出庭作证申请	0
28983	保证人行使抗辩权不承担损失责任	保证人行使抗辩权不承担保证责任	0
29058	案件都会公开宣判	民事判决书内容公开	0
29131	调解中当事人享有权利	民事诉讼当事人享有诉讼权利	1
29139	我国民诉特征	民事诉讼	0
29332	证明丈夫债务非夫妻承担	举证某笔债务用于夫妻生活开支	0
29476	朋友判监外执行会收监	监外服刑会马上收监	0
29546	公证员禁止	不公证	0
29558	财产遗产继承	财产遗产继承	1
29630	假冒专利	假冒专利	1
29658	妨害作证罪;毁灭伪造证据罪伪证罪区别	妨害作证毁灭伪造证据罪	0
29727	夫妻之间相互扶养义务	夫妻之间相互扶养法定义务	1
29728	担保人拒绝履行担保	情况别人做担保人	0
29741	情况认定工伤	情况认定工伤	1
29768	会取消高新技术企业资格	发生后会取消国家级高新技术企业认证资格	0
29835	约定试用期	情形下用人单位劳动者约定试用期	0
29866	挪用资金罪要件	人不挪用资金罪	1
29870	个人独资企业投资设立	人不个人独资企业投资人	0
29879	人员遗嘱见证人	人做遗嘱见证人	1
29883	情况免予处罚从轻减轻处罚	人犯罪从轻减轻免除处罚	0
29915	人辩护人	人员担任辩护人	1
29982	用人单位招用未满十六周岁未成年人	用人单位招未满16周岁少年儿童	0
30020	著作权质权合同包括内容	著作权质押登记机关不予登记	0
30072	纳税人丢失已开具发票后果	纳税人发生丢失增值税专用发票时应	0
30125	军嫂想离婚手续	军嫂单方提离婚	0
30155	港澳台居民登记结婚流程	内地居民香港居民领结婚证	1
30281	涉外婚姻离婚本人亲自办理	涉外婚姻离婚手续本人到场才能办理	1
30497	农村自建房证件遗失补办	农村自建房房产证补办流程	0
30519	申请劳动仲裁讨薪证据	农民工讨薪劳动局材料	0
30608	挪用资金罪挪用资金罪应处罚	挪用资金罪外地人比地人罪重	0
30658	夫妻离婚债务一方净身出户还要承担债务	女方净身出户男方债务女方还钱	1
30674	对方恋爱名义骗钱起诉对方	女孩谈恋爱名义骗取男孩财物起诉	1
30708	无效婚姻提出才算无效	婚姻无效时间提出才算无效	1
30714	女职工怀孕期间解除劳动合同	女职工怀孕用人单位解除劳动合同	0
30799	未成年吸毒	派出所民警引诱未成年人吸毒应	0
30814	散伙协议中合伙债务约定对抗债权人	散伙协议中合伙债务约定对抗债权人	1
30882	男方婚前贷款买房婚后还贷房子	一方婚前贷款买房婚后还贷房子	1
30910	高院核准死刑做出核准不核准裁定	判决死刑案件一级人民法院核准	0
30955	投敌叛变罪处罚	叛徒处罚	0
31044	别人欠钱担保人约定连带担保到期还不了钱只保证人承担责任	朋友借钱跑担保人只承担一半我该	0
31063	身患重病监外执行当中犯法会收监	朋友判监外执行会收监	0
31077	名义亲友办理贷款亲友不还还钱	朋友名字买车贷款不还钱	0
31083	后车追尾导致碰瓷者死亡赔偿	碰瓷者死亡车主会赔偿	0
31108	手写遗嘱遗嘱二字会影响法律效力	公证手写遗嘱法律效力	0
31170	借钱担保人债务人不还款法院告	担保人债务人不还款时告	1
31190	票据	票据	1
31395	公司员工签订竞业协议	普通员工签订竞业协议	1
31399	欺诈常见情形	合同欺诈常见情形	1
31468	安全事故等级划分出错赔偿标准影响	企业安全事故等级划分等级	0
31496	公司不休年假不补偿解除劳动合同补偿	企业不按规定年休假劳动者主动解除合同获补偿	1
31577	不服劳动能力鉴定书	企业法人拒收劳动能力鉴定书	0
31579	企业法人亏损无力清偿到期债务	企业法人亏损无力清偿到期债务	1
31626	商铺产权变更购买方应承担税	企业购置商业性门面房产买卖双方缴纳税金	0
31640	公司合并	企业合并涉及税收	0
31663	电子计算机会计核算符合	企业会计核算时应遵循	0
31670	企业职工缴纳补充养老保险费	企业职工约定规避养老保险费缴纳义务	0
31761	员工辞职企业办理停保	企业停掉离职员工社保	1
31828	企业违反集体合同侵犯职工劳动权益工会	企业违反集体合同侵犯职工劳动权益工会	1
31931	去起诉重婚	对方犯重婚	0
31948	企业职工约定规避养老保险费缴纳义务	企业职工不上班企业义务职工交养老保险	0
31957	职工因工死亡直系亲属享受待遇	企业职工因工死亡单位赔偿	1
31966	借条约定还款日期贷款人随时还款	未签借款合同出借人随时借款人还款	0
31967	公司资本减少增加应处置	企业注册资本减少增加变更注册资本	0
31975	签装修合同事项	企业装修时签定装修合同交印花税	0
31983	本院启动再审程序	启动再审程序多长时间	0
32050	运输货物毁损保险公司赔	货物运输过程中因不可抗力损失保险公司赔偿	1
32072	起诉时有两个原告起诉书写	起诉时有两个原告起诉书写	1
32089	起诉诽谤胜诉后对方拒不赔偿	起诉诽谤胜诉后对方拒不赔偿	1
32153	签了担保合同后解除合同	签订担保合同题	0
32159	非车主驾车出事故保险公司拒赔	汽车非本人驾驶出事故保险公司理赔	0
32244	车子转向灯坏借给别人	汽车转向灯坏	0
32249	追尾事故流程	汽车追尾事故赔偿	0
32384	签订买卖合同盖章合同成立	签定房屋买卖合同买卖成功算合同成立	0
32395	聘请律师合同	签购房合同请律师	0
32529	对方出轨我能精神赔偿	对方说出轨赔偿精神损失费	0
32598	行政拘留过能办理取保候审	欠钱法院行政拘留保释	0
32685	信用卡透支暂时无力偿还银行还钱	欠信用卡无力偿还 银行报案协商还款	0
32719	欠钱不还起诉担保人	欠债人不还钱担保人帮还款	1
32783	强迫交易特征处罚	强迫交易罪强迫交易罪判年	0
32803	行政强制措施	强制带离类型强制措施	0
32849	强制执行没钱还法院会家里物品顶帐	强制执行 没钱 搬走家里东西	1
32865	法院申请民事判决执行	强制执行一审法院申请终审法院执行	0
32881	抢劫抢夺	抢夺抢劫区别	1
32927	抢劫罪立案标准	抢劫判刑抢劫罪立案标准	0
32936	丈夫隐瞒妻子买东西借钱夫妻债务	夫妻一方陪另一方买东西借钱夫妻债务	0
32985	销售产品侵犯外观设计专利	侵犯别人外观设计专利未销售处罚	0
33011	商标侵权行为表现形式	侵犯商标权表现形式	1
33023	侵犯商业秘密罪判决多重	侵犯商业秘密判有罪	0
33037	文学作品著作权侵犯赔偿钱	侵犯电影版权赔偿钱	0
33234	法医鉴定多长时间出	轻微伤法医鉴定结最长多长时间出	1
33249	清算组成员	清算组成员应为几人	0
33281	记账报税资料	请代理记账公司会计报税	0
33308	离婚是因为家暴申请人身安全保护令	家暴离婚申请人身安全保护令合法	1
33407	签订借款合同约定利息过高不支付	借款合同约定利息过高拖欠	0
33438	人票据保证人	人票据保证人	1
33472	汽车做抵押担保押车合法	抵押车以抵债方式别人犯法	0
33507	非法同居生孩子一方抚养	非法同居生小孩抚养	1
33526	公司安排加班加班费	公司加班不加班费想要辞职赔偿	1
33536	董事长董事任期区别	公司中监事董事区别	0
33582	交通管理部门办证收取工本费	驾驶证换证县车管所换证	0
33590	有限责任公司股东人数	建立有限责任公司法定股东人数	1
33596	发生交通事故肇事者逃逸交强险赔付	交通事故肇事逃逸交强险理赔	0
33621	别人拖欠运费打官司证据	拖欠运费打官司证据	1
33654	年假包括周末	年休假包括期间周末	1
33699	发现商标假冒起诉	商标侵权工商行政处罚后还起诉侵权人	0
33718	低价销售快到期牛奶低价倾销	低价倾销	0
33735	试用期工资算	试用期工资算	1
33770	我国票据法出台	我国票据法最新修改哪一年	0
33785	无证驾驶摩托车会拘留	无牌无证驾驶摩托车会拘留15日	0
33825	证据	证据	1
33898	借款人不支付借款利息对方支付利息违约金	借款人不支付借款利息借款方对方支付利息违约金	1
33904	证券登记结算机构应履行职能	中国证券登记结算有限责任公司干什么	0
33969	约定兼职工资结算克扣工资	兼职工作结算工资马上领取工资	0
33973	情况保险公司帮车主承担赔偿责任	情况保险公司不理赔	1
34108	取保候审多久会到检察院	取保候审后案件检察院会结束	0
34111	取保候审后还会判刑	取保候审后还会判刑	1
34113	如办取保候审放人后公安机关还会人抓去坐牢	取保候审后还会判刑工作单位影响	0
34166	民事诉讼程序	民事诉讼程序	1
34324	劝架打伤赔偿	劝架还手打人者受伤付刑事责任	0
34326	劝架推搡致人死亡劝架赔	劝架推搡致人死亡劝架赔	1
34441	生态破坏 哪几种形式	人类破坏大自然	0
34478	人民法院上诉案件作出哪几种判决	人民法院审理上诉案件作出	1
34481	人民法院申诉案件应审判	人民法院刑事申诉案件	0
34544	人民法院着重审查行政合法	人民法院只能审查合法性审查合理性	0
34554	没还款日期没保证期限计算还款期间	没还款日期没保证期限计算保证期间	0
34557	搭便车出事故致乘客伤亡车主担责	搭顺风车遭遇车祸承担责任	0
34558	人民法院逮捕	人民法院逮捕	1
34579	人民检察院职责	人民检察院职责	1
34739	变更保险受益人受益人同意	人寿保险更改受益人手续	0
34795	父债子还合法	我国法律明确规定父债子还	1
34798	域名侵权需承担责任	认定域名侵权条件域名侵权承担	0
34822	公益信托监察人履行职责	日本慈善信托管理人监督人有何区别	0
34843	结婚夫妻偿还婚前债务	婚后偿还婚前债务	1
34913	融资租赁交易会涉及哪几个合同	融资租赁之间涉及法律关系	0
34926	网贷平台跑路投资人还回资金回	P2P理财公司倒闭还回本金	0
34971	鉴定不服鉴定	当事人伤残评定不服申请鉴定	0
35077	未约定保证方式债权人找保证人还款合法	借款人逃跑担保人负责任	0
35091	法院支持欠条起诉还钱情况	欠条起诉还钱检察院支持	0
35132	债务人欠账不还维权	欠债不还起诉开庭债务人不出面	0
35151	房子贷款没还清还抵押物再银行贷款	房产抵押担保不还款占有房子	1
35242	打理合伙事务时受伤申请工伤	用人单位没交工伤保险受伤人能申请工伤	0
35333	港澳台大陆买房资料证件	港澳台人士结婚资料	0
35381	儿童饮食中生物性污染	儿童饮食中生物性污染	1
35472	公司解雇赔偿金	题员工解雇	0
35480	第三人损坏租赁物索赔	第三人损坏飞行物索赔	1
35555	检察机关公益诉讼过程中承担举证责任	分配环境公益诉讼中因果关系举证责任	0
35598	开发商房屋拆迁不遵守拆迁协议	开发商签订拆迁合同才能不吃亏	0
35650	女方怀孕期间男方解除同居关系	解除同居关系才算合法	0
35666	一方借钱离婚另一方还钱	丈夫借钱用作个人消费没离婚妻子还钱	1
35669	再婚前存款婚后转给孩子夫妻共同财产	再婚后存款婚后转给孩子夫妻共同财产	0
35707	垃圾分类	垃圾分类	1
35712	网上实名举报	实名举报	0
35713	实名举报	实名举报怎么弄	1
35719	债权债务清理表是	债权债务清查	0
35890	相隔几代才不算近亲结婚	判断第几代近亲结婚	0
35904	实用新型专利侵权判断标准	判断实用新型专利侵权	1
35919	保管合同纠纷定性不可抗力条款	签订合同中不可抗力条款	0
35941	网贷平台未履行告知义务损失承担责任	网贷平台未履行告知义务损失承担责任	1
35943	故意伤害罪过失致人死亡罪	区分故意伤害罪过失致人死亡罪	1
35956	违反治安管理犯罪行为区别	区分违反治安管理犯罪行为界限	1
35987	股票发行价格	股票发行价格	1
36093	计算没还款日期保证期限保证期间	没还款日期没保证期限计算还款期间	1
36137	房屋虚假广告致使房产买卖合同无效	认定虚假房产广告	0
36174	申请法医鉴定	申请法医鉴定	1
36279	患有精神病人结婚无效婚姻配偶申请婚姻无效	对方患有精神病婚姻无效婚姻申请婚姻无效	1
36320	交付社会保险费用发生争议劳动争议	依法处理劳动者用人单位之间发生失业保险争议	0
36359	近亲结婚需隔几代才不算乱轮	相隔几代才不算近亲结婚	0
36391	犯重婚起诉	发现重婚去起诉	0
36401	非婚生子女抚养权	争夺非婚生子女抚养权	1
36402	受遗赠人方式接受遗赠	受遗赠人方式接受遗赠	1
36409	理解强制执行原则	正确理解食品安全标准	0
36433	销售商品被告侵权证明合法会处罚	证明经营者明知销售侵犯注册商标专用权商品	0
36519	新员工报到后签劳动合同	入职最迟签订劳动合同	0
36602	汽车3周期没年审报废	三个周期未年检机动车强制报废	1
36647	外企公司申请三证合一	三证合一公司换	0
36670	骚扰恶作剧实施者承担责任	骚扰恶作剧实施者承担责任	1
36717	赡养费计算	赡养费包括费用赡养费计算	0
36812	商标更正申请提交文件	商标变更流程	0
36866	婚前财产公证双方同意	婚前财产公证都到场	0
36957	商标申请过程中	商标申请中R标志	0
36981	技术项目承担责任	工程进度延误时乙方人承担责任	0
37001	办理商标转让手续	商标注册转让资料	0
37042	婚前财产协议书写才	合法婚前财产协议书写	1
37070	出卖人未商品房预售许可证明买受人签订商品房预售许可证明	商品房预售许可证签购房合同时附加条约	0
37087	注册广告牌侵权	商品商标35类注册再作广告宣传算侵权	0
37103	公司发展陷入僵局	商务谈判中僵局原则	0
37174	夫妻中有一方借钱去炒股夫妻债务	丈夫隐瞒妻子买东西借钱夫妻债务	0
37190	子女父母赡养义务我国法律上	父母子女赡养	1
37214	夫妻债务债务离婚时区分	离婚分夫妻债务债务	1
37238	受胁迫签订合同	别人威胁下签合同	1
37350	未约定保证期间担保人免除担保责任	保证期间权利还会免除保证责任	0
37389	上诉几天内提出	上诉书最迟几天才送到二审立案	0
37397	醉酒上下班发生交通事故工伤	上下班途中发生车祸工伤	0
37459	设立分公司提交文件	设立子公司资料	0
37467	社保商业保险异同	社保商业保险区别好处	0
37499	社保几个月不交会断	社保中断几个月不交对影响	0
37669	单位涉嫌集资诈骗220万调查会判	涉嫌集资诈骗会判刑	0
37703	涉嫌重婚罪一方起诉离婚	涉嫌重婚罪一方起诉离婚	1
37758	专利才能申请发明专利	申请发明专利材料	0
37763	终止法律援助条件	申请法律援助批准撤销	0
37784	强制执行申请书最新范文	申请法院强制执行申请书范文	1
37825	当事人申请登记提供材料	申请结婚登记提供材料	1
37836	债务人担保物不合法不还款债权人担保人担责	担保物不合法债务人不还款债权人担保人担责	1
37967	申请宣告失踪宣告死亡条件	申请宣告失踪宣告死亡条件	1
37981	暂缓执行行政拘留不执行	申请暂缓执行行政拘留担保人条件	0
38094	保证期间等同于债务履行期间视为未约定保证期间	法律保证期间	0
38172	滥用职权玩忽职守罪处罚	滥用职权玩忽职守罪处罚	1
38230	房产会重复抵押	房子抵押中重复抵押违法	0
38361	委托代购合同越权代理委托人拒绝付款	授权委托签连带责任保证强制执行效力	1
38394	情况申请人民法院调查收集证据	情况申请人民法院调查收集证据	1
38395	申请工伤认定多长时间内提出	情况申请延长工伤认定期限	0
38405	我用房产抵押担保不还款债权人占有房子	房产抵押担保暂时无力偿该还	0
38478	合同法情况不予执行视为无效	合同约定条款无效	0
38505	公安机关犯罪嫌疑人监视居住期间	嫌疑人实施监视居住	0
38514	公证法律援助情况	请减免公证费	0
38525	不提取法定公积金	提取法定盈余公积金	0
38547	拐卖妇女儿童罪可判死刑	判处拐卖妇女儿童罪死刑	0
38570	外资企业法人代表由谁来担任	外国人担任企业法人	0
38584	婚前财产公证	婚前财产公证	1
38596	做司法亲子鉴定	做司法鉴定	0
38599	签订无固定期限劳动合同	签订无固定期限劳动合同	1
38622	订立协议不赡养老人	赡养义务免除	0
38663	竞业	竞业	1
38785	电子数据指	电子数据交换	0
38892	签订借款合同未到清偿期对方提前解除合同清偿合法	借款合同未到清偿期提前解除合同清偿	1
38924	拖欠运费起诉	拖欠运费起诉时间起诉	0
39024	合同履行免责事由	合同免责事由免责事由无效	0
39030	合同履行地	合同履行地	1
39053	机动车技术检验时提供材料	机动车技术检验合格标志	0
39083	建筑工程中认定黑白合同	建设工程施工合同中黑白合同	0
39097	劫持船只汽车罪	劫持船只汽车罪	1
39140	劳动争议仲裁	劳动争议	1
39169	货物损坏承运人不用赔	承运人免责承运人不负赔偿责任	1
39240	合同	合同	1
39288	擅自设立金融机构罪	擅自设立金融机构罪	1
39304	担保物不合法债务人不还款债权人担保人担责合法	担保物不合法担保人不还款债权人担保人担责	0
39308	违反社区戒毒	社区戒毒	0
39430	显失公平合同撤销	显失公平合同	0
39562	债务人财产	债务人财产	1
39589	证券业协会权力机构	证券业协会职责	1
39618	离婚后探视权时间	探望权行使期限	0
39667	别人借钱签订借款合同到期不还担保人还款	借款合同到期不还担保人还款	1
39739	域名会起诉	域名会仲裁减少域名仲裁风险	0
39796	法庭笔录	审判笔录庭审笔录区别	1
39828	我国伤亡事故报告制度包括内容	生产安全事故报告制度	0
39839	生产经营食品中添加种物质	生产经营食品中添加种物质	1
39874	污染环境会构成犯罪	生活中会环境污染	0
39885	破坏生态包括类型	生态题包括	0
39918	生育津贴低于产假工资差额补足	生育津贴低于实际工资	0
40002	用人单位劳务人员	施工现场劳务人员实名制登记资料	0
40004	垫资承包工程完工后收不到工程款	施工业垫资计提管理人员工资账务	0
40036	用人单位不实行标准工时制度	实行工时制全体员工人数比例	0
40076	非职务作品公司	实习期间作品版权公司	0
40092	大学生实习加班加班费还没毕业	实习生不给钱加班算违法	0
40122	抵押权	抵押权	1
40155	食品安全安全事件	食品安全安全事件	1
40359	受让人未合同约定支付技术转让费承担后果	受让人未合同约定支付技术转让费将要承担后果	1
40401	事先声明放弃继承财产不赡养老人	事先声明放弃继承财产不赡养老人	1
40433	一方涉嫌重婚罪还起诉离婚	涉嫌重婚罪一方拒绝离婚	0
40487	实习期过后未续签实习协议需支付未签劳动合同双倍工资	试用期不签订劳动合同支付双倍工资	0
40526	劳动合同试用期结束后签	试用期过后未签订劳动合同补偿	0
40591	女职工孕期调岗不服离职赔偿	试用期内调岗不满意提出离职赔偿	0
40607	试用期内违反公司劳动纪律公司有权扣工资	试用期期间写辞职报告离职公司扣钱合法	0
40609	外国人结婚上那领结婚证	外国人结婚登记资料	0
40633	辞职写辞职信	试用期提出离职写辞职信	0
40675	当事人办理协议离婚手续	协议离婚	0
40679	污水排放达标损害企业不赔偿	废水处理一级排放标准直排	0
40724	情况 下才监视居住	犯罪证据才监视居住	0
40781	公司收到空头支票	收到空头支票	1
40790	公司开空头支票收到处罚	收到一张空头支票	0
40841	收养孤儿条件	收养孤儿	1
40901	产品出题拆过机还保修	手机私自拆开加钱保修内	0
40910	诈骗公私财物何种情节酌情从严惩处	手机诈骗法律法规相关条款	0
40969	挑逗笼子里宠物咬伤主人应负责	受害人挑逗宠物咬伤负责	0
40983	婚后房屋再婚后拆迁补偿房屋共同财产	老家婚前房屋再婚后拆迁补偿房屋算做共同财产	0
41062	公证证明证据效力	书证物证证据证明效力	0
41091	票据功能	票据功能	1
41157	医疗事故鉴定收费标准	承担医疗事故鉴定费用	0
41161	约定保证方式债权人找保证人还款	未约定保证方式债权人间接找保证人还款合法	0
41168	儿女失踪精神病父母申请父母婚姻无效	婚姻法中精神病人婚姻保护	0
41200	行政复议行政诉讼不影响行政处罚执行	行政复议期间复议行政处罚继续执行	0
41307	迟延支付租金多久违约租赁合同解除	迟延支付租金多久算违约解除租赁合同	1
41324	离婚能要精神赔偿	离婚诉讼中条件下能对方精神损害赔偿	0
41411	隐名代理人签订合同	隐名代理受托人超过委托权限第三人签订合同	0
41427	开车发生事故财物损失会判刑	司机开车撞死人会刑事责任	0
41458	碰到承租人迟延付租金提出解除	租客 拖延交房租不交房租	0
41491	投资人网贷平台签债权债务转让合同时通知借款人	投资人网贷平台签债权债务转让合同时通知借款人	1
41508	再婚夫妻生育子女条件	再婚夫妻生育子女	1
41521	公司破产随时都申请	私营企业申请破产	0
41637	未约定保证程序保证人能免除保证义务	约定保证方式保证人想免除保证义务	0
41651	诉讼基本特征	诉讼基本特征	1
41745	独资企业无力还债投资人承担连带赔偿责任	独资企业无力还债投资人承担连带赔偿责任	1
41750	婚前买房资料证明夫妻共同财产	结婚后买房证明房屋个人所有夫妻共同财产	0
41755	承运人免责承运人不负赔偿责任	货物运输中承运人情况不用赔偿	1
41806	所有权特性	所有权法律特征	1
41825	开车撞死宠物赔钱	开车撞死宠物赔钱	1
41903	婚前签婚内签忠诚协议签订才	忠诚协议婚前签好婚内签好签订才合法	1
41955	网店消费欺诈消费者跑路赔偿	淘宝卖家欺骗消费者	0
41976	别人借钱到期不还合同违约金	借钱到期不还合同利息	0
41995	淘宝卖家发错货退货退来时运费	淘宝上买东西 卖家发错货 退货邮费出	0
42096	起诉离婚先调解	想干干脆脆离个婚先调解	1
42201	调解协议签好反悔后果	调解协议生效后还反悔	0
42244	婚前出钱买房登记女方名下房子	结婚前男方出钱买房登记女方名下房子	0
42248	听信百度上事故负责	听信网络医生骗网站责任	0
42252	人保物保担保人承担保证责任	有物保有人保担保人承担责任	1
42263	鉴定人证人	庭审时公诉人先发辩护人先发	0
42319	银行未履行风险告知义务银行应负责任	网贷平台未履行告知义务损失应承担责任	1
42365	按时还款支付逾期还款利息	逾期还款支付逾期还款利息	0
42369	从重处罚情形判轻点	强奸判有轻有重	0
42393	房屋抵押保全	一座房产2次财产保全	0
42438	约定保证期间起诉担保人索偿合法	事先忘约定保证期间起诉担保人索偿	1
42461	办理婚前财产公证大概钱	婚前财产公证都到场	0
42472	嫁出去女儿分家产	出嫁女儿有权分家产	1
42492	投标人评标委员会成员行贿中标承办法律责任	投标人行贿手段谋取中标的法律后果	0
42494	建筑工程招标中标后中标人放弃	投标人中标后放弃中标违法	0
42508	物业公司管理不到位部门提出投诉	投诉物业公司物业公司部门管理投诉	0
42509	物业公司服务管理不到位 投诉	投诉物业公司管理不到位部门提出投诉	0
42541	近亲结婚近亲结婚	法律上禁止近亲结婚亲属包括在内	0
42553	征地补偿纳税	土地政府征用补偿款交税	1
42612	土地买卖合同买卖双方写	土地买卖合同买卖双方写	1
42626	食品药品领域民事公益诉讼审查重点	食品药品领域民事公益诉讼调查重点	1
42661	土地流转承包未经本人签字同意	土地终身转让都本人签字别人代签	0
42696	抵押车行驶证丢补办	车辆登记证丢还抵押车	0
42728	退休返聘老员工享受工伤赔偿待遇	退休返聘职工工伤赔偿	1
42790	夫妻一方隐瞒另一方买东西借钱夫妻债务	夫妻一方陪另一方买东西借钱夫妻债务	0
42825	网贷平台本金中预扣居间服务费我该出借本金	网贷平台本金中预扣居间服务费出借本金	1
42827	拖欠运费起诉起诉	拖欠运费起诉起诉	1
42876	合伙人退伙后仍需承担债务	企业合伙人退伙后还要承担合伙期间债务	0
42881	租赁物损毁租客受伤出租人承担赔偿责任	租赁物损毁租客受伤出租人承担赔偿责任	1
42923	客户拒付货款	外贸中面对拒绝付款客户	1
42976	外商投资企业公司法	外资企业法主体	0
43009	国家设立法律援助制度	完善法律援助制度 包括内容	0
43043	网贷利息高还利滚利计算合法	网贷利息高还利滚利计算合法	1
43049	网贷平台涉嫌非法集资投资人还回资金回	网贷平台涉嫌非法集资投资人还回资金	0
43059	网购物品冒领找赔	网购东西人冒领	0
43114	网络名誉侵权赔偿数额协商	网络名誉侵权赔偿数额协商	1
43160	诈骗钱会构成犯罪	网络诈骗钱构成犯罪	0
43179	夫妻分居半年起诉离婚	夫妻分居半年起诉离婚	1
43233	合伙企业债务只企业承担	合伙企业债务承担方式	0
43273	收回迟付租金租赁物	迟付租金收回租金	0
43325	微信骗钱立案	微信骗钱立案	1
43366	微信朋友圈发表恶毒语言辱骂	微信朋友圈发表恶毒语言辱骂	1
43418	出纳人员兼职会计工作岗位	出纳人员	0
43437	赔付金额时保险人支付保险金	保险公司赔偿金额高于保险金额	0
43459	互联网交管信息全国统一	车辆交通违章记录随意查询	0
43468	债务抵销权该行使	抵销权只能债权人提出	0
43469	可不可以地铁上吃东西	地铁上吃东西	0
43540	教育宗教相分离	教育宗教相分离	1
43562	保证人想不承担保证责任行使抗辩权	保证人行使抗辩权不承担保证责任	1
43566	犯虐待罪会判多久	虐待罪判刑低	0
43614	出租人租赁物太脏拒退租赁押金	租户拒退租赁押金理由租赁物损坏	0
43628	无证驾驶不想拘留办法	无证驾驶拘留	0
43642	刑事附带民事诉讼赔偿中精神损害赔偿	刑事附带民事诉讼请赔偿精神损失	0
43687	案底会影响找工作	案底人 找不到工作	0
43799	职工违纪受伤认定工伤	违反操作规程受伤还认定工伤	1
43828	违反食品安全法构成犯罪依法追究责任	违反食品安全法尚不构成犯罪处罚	0
43854	违反治安管理追究时效计算	违反治安管理处罚多长时间有效期	0
43855	违反治安管理特征	违反治安管理特征	1
44051	猥亵儿童罪定罪量刑	猥亵儿童罪量刑	0
44173	担保人拒绝履行合同	担保人拒绝履行担保	0
44183	未成年犯罪改造教育	未成年人犯罪社会影响	0
44204	未成年人精神病人诉讼活动	未成年人参加庭审	0
44286	未到法定婚龄结婚后分开财产分	未到法定结婚年龄结婚后不离婚 女方分财产	0
44289	不到法定年龄结婚后离婚	未到法定年龄结婚起诉离婚时已法定年龄	0
44306	未婚妈妈休产假	未婚妈妈享受产假	1
44355	忠诚协议反悔	夫妻签订完忠诚协议反悔	1
44431	申请双倍工资证据	未签劳动合同双倍工资证据	0
44445	未随车携带行驶证处罚	未随车携带行驶证处罚	1
44461	约定补偿金竞业条款	未约定经济补偿金条款竞业协议还	1
44579	撤销合同撤销时起不再法律约束力不	撤销误解签订合同后赔偿对方损失	0
44631	收养人领养小孩	单身一个人收养小孩	0
44697	网上有人传播隐私照片转发担责	私人照片网上传算不算侵犯别人隐私权	0
44718	索取借款约定中违约金逾期利息	借款约定违约金还逾期利息	1
44753	追讨工程款证据	追回欠款工程款诉讼证据	1
44758	家暴离婚申请人身安全保护令合法	离婚后人身安全保护令还法律效力	0
44839	我国颁布教育法律法规	我国颁布教育法律法规	1
44858	我国教育方针	我国教育方针	1
44884	我国专利哪几种类型	我国专利种类	1
44944	婚前签订忠诚协议约定违约金	我国法律应不赋予夫妻忠实效力	0
45120	打印遗嘱作用继承遗产	电脑打印自书遗嘱法律效力	0
45157	乘坐公交车时司机刹车受伤公交公司赔偿	公交车刹车乘客受伤能要公交司机赔偿	0
45177	我国刑罚种类	我国刑法刑罚方法一共几种	1
45182	我国刑法地域	我国刑法地域	1
45185	脱逃罪劫夺押解人员罪处罚	我国刑法逃避侦查审判 解释 监狱逃跑解释	0
45213	我国知识产权保护途径	我国保护知识产权工作做	0
45284	私下做婚前财产公证	法院办理婚前财产公证	0
45297	提前终止租房合同二房东不退押金租金	解除租赁合同时租赁押金不退	1
45300	办理遗产公证提交材料才	办理遗产公证材料	1
45331	再婚人孩子再婚生育子女夫妻俩赡养责任	男女双方均子女再婚子女后夫妻俩赡养责任	1
45332	借款人不还钱担保人	债务人还没还钱担保人拒绝履行担保	0
45341	仲裁部门去解决劳动纠纷	劳动仲裁生效时间	0
45369	江苏户口外地领结婚证	老公外地户口本地户口本地领取结婚证	0
45392	祖父母孙子女有探望权	离婚后祖父母孙子女有探望权	1
45439	买翻新手机三倍赔偿	买苹果手机买二手翻新赔偿三倍	1
45491	羁押犯罪嫌疑人申请法律援助特别程序	朋友关进看守所我能申请法律援助	0
45502	钱包别人捡后不还给	朋友钱包丢别人捡没还	1
45505	犯罪集团首要分子取保候审	朋友犯罪判缓	0
45512	诈骗罪治安处罚	朋友诈骗罪公安会惩罚	0
45576	签了实习协议后违约承担约定违约金	实习期满后还没签劳动合同不用付违约金	0
45589	婚前隐瞒乙肝病情婚姻无效	隐瞒乙肝病情结婚法律上无效婚姻	1
45607	借款交付前保证人任意解除保证合同	合同行使任意解除权	1
45701	公司没申请工伤认定治疗期间还发工资	处于工伤治疗期间公司不肯给钱治疗	0
45805	请病假公司说开除	公司请病假公司不批公司违法	0
45896	出借人按时钱借款人超时	出借人时间钱借款人违约	0
45932	网络诈骗	网络诈骗	1
45935	58同城上买东西骗	58同城上买东西骗去报案	0
46077	无偿帮工受伤不赔起诉	无偿帮工受伤不赔起诉	1
46084	朋友无偿代驾发生交通事故	无偿代驾发生交通事故车赔	0
46178	终身监禁无期徒刑区别	无期徒刑终身监禁坐牢死	1
46188	无人继承无人受遗赠财产	无人继承财产	0
46208	无效合同认定	无效合同判定标准有权合同无效	0
46225	认定无效婚姻	无效婚姻认定婚姻无效	0
46230	无效婚姻法律后果	无效婚姻法律后果	1
46257	无证驾驶拘留	无证驾驶拘留	1
46262	无证驾驶处罚	无证驾驶老司机陪同处罚	1
46272	无证驾驶处罚	无证驾驶会处罚	1
46282	摩托车无证驾驶拘留罚款	无证驾驶摩托车会拘留	0
46328	婆媳关系夫妻感情不离婚理由	婆媳关系恶劣离婚	0
46334	五险一金包含	五险一金都包括	1
46382	行政诉讼终审不服	行政诉讼终审不服	1
46526	物业纠纷解决	物业纠纷案件	1
46575	法院办理婚前财产公证	私下做婚前财产公证合法	1
46609	公司加班后回家途中被车撞算工伤	下班后被车撞算工伤	0
46743	做好审计现场勘察	现场勘察程序	0
46917	无效婚姻包括重婚情况	无效婚姻内再婚属重婚	0
46920	法院审理案件会当场宣判	香港法院每日宣判案件都公开公布	0
46941	父母患有精神病失踪儿女申请婚姻无效	法律子女不干涉父母婚姻	0
47018	宣告失踪条件	法院申请宣告失踪手续	0
47038	企业随意倾倒垃圾导致水源污染	河流倾倒垃圾处罚依据	0
47082	消防检查出示证件	消防大队店里检查 负责人签字 指印	0
47088	消费保管	消费保一个消费保险	0
47099	网贷利息高违法	网贷投资人预先扣除利息法院会	0
47136	拖欠物业费要交滞纳金	物业费按时交会收滞纳金	1
47192	债务人拒绝还钱担保人拒绝履行担保	债务人还没还钱担保人想拒绝履行担保法律	0
47201	销售过期食品处罚	销售过期食品处罚	1
47259	小产权房法律风险	小产权房法律风险	1
47301	小产权房能办房产证	小产权房能办房产证	1
47327	开车闯红灯扣分	小车闯红灯扣几分	1
47343	贷款公司做借款人别人借款	小额贷款公司身外地人贷款	0
47460	小区业主共有停车位收费价格应是	小区物管收停车费资费标准	0
47561	无权代理订立合同追认撤销	效力待定合同追认前效力状态无效	0
47574	协议离婚	协议离婚	1
47582	办理离婚登记手续后还离婚损害赔偿	协议离婚后还精神损害赔偿	0
47606	办理婚前财产公证证件	办理婚前财产公证大概钱	0
47651	起诉书写诉状	写起诉状不被告身份证号码写	0
47697	未签借款合同材料债权凭证	借款签订合同债权凭证材料	1
47708	祖父母孙子女有探望权	儿子离婚一个老年人想见见孙子都权利	1
47723	新公司出纳	新到一家公司做出纳都做些	0
47829	夫妻签订婚前财产协议公证	婚前财产协议公证	1
47895	债务人提出书面异议后督促程序终结	新民诉法中支付令审查形式审查还实质审查	0
48007	商标法目的	新修改商标法旧商标法区别	0
48124	信用卡欠款收到律师函	信用卡还未还完收到律师函	1
48262	借款担保人履行法律义务	未约定保证方式保证人能免除保证义务	0
48278	租期未满房东转租支付劳务费	房东转租租期未满不支付转让费	0
48325	间谍罪	刑法中间谍罪罪数形态	1
48354	拘留人大代表条件	刑拘市人大代表手续	0
48435	公诉案件立错案	刑事案件多久翻案	0
48436	刑事案件立案期限	刑事案件年过期	0
48447	少年法庭审理刑事案件包括	刑事案件法庭审判人员应有人员	0
48477	离婚是因为家暴申请人身安全保护令	家暴离婚执行人身安全保护令	0
48497	刑事案件立案追诉标准	刑事案件立案标准金额	0
48587	刑事案件立案标准	刑事案件地方立案	1
48607	刑事案件证人有事申请不出庭作证	刑事案件中辩护人申请证人出庭作证	0
48618	辩护律师检察院举报嫌疑人刑讯逼供检察院调查	刑事案件中刑讯逼供辩护人	0
48620	法定从轻情节从轻处理	刑事案件中法定从轻减轻情节	0
48633	刑事案件中辩护律师诉讼代理人权利	刑事案件中人被害人诉讼代理人	0
48664	刑罚分为哪几种	刑事处罚种类	1
48680	刑事附带民事诉讼提出精神损害赔偿可否支持	刑事附带民事案件精神损害赔偿金	1
48705	附带民事诉讼刑事案件民事案件	刑事附带民事诉讼赔偿	0
48786	犯罪分子刑事拘留最少几天会逮捕	刑事拘留天会提交检察院申请批捕	0
48821	公司拖欠货款不走法律途径追回	不付货款法律途径走	0
48837	刑事拘留期间请律师	刑事拘留期间请律师	1
48842	丈夫死亡儿媳不赡养父母	丈夫死亡儿媳义务赡养父母	0
48880	刑事拘留犯罪嫌疑人关押	刑事拘留	0
48902	刑事和解协议写	刑事谅解书及赔偿协议写	0
48947	刑事诉讼被告人诉讼权利	刑事诉讼被告人诉讼权利	1
49035	债务人没还钱担保人拒绝履行担保	债务人拒绝还钱担保人拒绝履行担保	0
49063	刑事公诉案件法律文书	刑事一审法院都法律文书	0
49162	兄弟姐妹间相互扶养条件	兄弟姐妹间赡养抚养责任义务	0
49167	兄弟姐妹之间有没有抚养义务	兄弟姐妹之间赡养义务	0
49168	兄弟姐妹间相互扶养条件	兄弟姐妹之间救助义务	0
49197	虚报年龄领取结婚证法律效力	虚报年龄领取结婚证法律效力	1
49207	虚假广告侵权举报途径维权	虚假广告侵权表现方式	0
49239	保证人保证期间情况承担责任	保证期间保证人还承担责任	1
49252	续签劳动合同流程注意事项	续签劳动合同续签劳动合同条件	0
49314	在校生勤工俭学收入缴税	学生勤工俭学缴纳税	0
49330	学生校内打球受伤学校负责	学生校内打球受伤学校负责	1
49332	学生在校期间应履行义务	学生在校期间应履行义务	1
49353	学校发现有人教唆胁迫引诱未成年人犯罪做	学校哪些方面预防未成年人不良行为	0
49358	学生参加篮球比赛受伤学校负责	学校组织篮球比赛学生受伤学校有没有责任	1
49368	寻衅滋事处罚	寻衅滋事方式寻衅滋事罪	0
49370	物业管理合同到期终止题	物业合同到期后物业公司拒不搬出小区	0
49373	寻衅滋事刑事拘留多久	寻衅滋事刑事拘留天	1
49477	员工违纪解除劳动合同	违纪解除劳动合同赔偿	0
49518	合同借款对方不还钱	方向口头借款不还钱	0
49551	行政许可证快到期延期应	药品经营许可证已过期现想再办	0
49587	劳动仲裁提交证据开庭	公司双倍工资证据	0
49623	作出承诺时要约内容修改	要约承诺定义区别	0
49702	方向口头借款不还钱	借款不还老赖户该	0
49788	收养孤儿	法定领养孤儿条件	1
49824	劳动仲裁请律师费用钱	请律师劳动仲裁钱	1
49853	刑事案件刑事拘留天后转为逮捕	刑事拘留天打架斗殴抓走	0
49857	继承人包括	遗产继承人	1
49877	发现加盟公司商标不合法提出撤销解除加盟协议	加盟后才发现商标不合法提出撤销解除加盟协议	1
49925	离婚时一方伪造债务证明法院	一方伪造债务离婚时该	0
50140	民事诉讼法上诉期间	一审判决后上诉时间	0
50177	借款合同成立借贷关系	一张借条证明借款关系成立	0
50193	医保商业医疗保险报销	医保商业保险公司都上看病后两个报销	0
50229	夫妻债务债务离婚时区分	离婚区分夫妻共同财产债务	0
50259	理解医疗事故鉴定结	医疗事故鉴定结效力鉴定	1
50300	刑事案件流程	刑事案件流程	1
50316	拟上市医药企业题	医药企业财务事项	0
50396	父母一同居住子女多分遗产	遗产份额继承母亲子女比例分配	0
50461	遗赠扶养协议还法定继承遗产	遗赠扶养协议扶养人死亡后办理遗产手续	1
50463	遗赠变更撤销	遗赠扶养协议公证撤消	1
50503	对方说出轨赔偿精神损失费	婚内出轨对方赔偿精神损失费	0
50532	男方出轨女方精神损失费	对方出轨我能精神赔偿	0
50632	合同约定退出加盟不退加盟费退	解除加盟纠纷没学习退回加盟费	0
50696	合伙企业退伙人退伙前债务承担责任	企业退伙还要承担合伙期间债务	1
50712	工作期限劳动合同	工作期限劳动合同	1
50734	近亲结婚无效起诉	近亲结婚起诉婚姻无效	1
50803	不可抗力意外事件承担刑事责任	意外事件死人不用坐牢死5会坐牢	0
50821	认定过失致人死亡罪	操作不当过失致人死亡罪会判刑!	0
50945	失火导致邻居损失谈不妥赔偿事宜	失火导致邻居损失谈不妥赔偿事宜	1
50984	条件才拘留人	事情会拘留十天	0
50993	毒驾发生交通事故保险赔	吸毒注销驾驶证 期间发生交通事故保险	0
51008	误解签订合同撤销	误解订立合同撤销合同	1
51232	公司营业执照丢失	营业执照丢失补办	0
51298	未成年人打赏主播几万元追回几万元	未成年人打赏网络主播父母追回钱款	0
51304	追索权保理应收账款中坏账承担	应收账款保理业务会计	0
51311	丧偶儿媳不照顾公婆	丈夫去世妻子有权继承公婆遗产	0
51371	用人单位未办理社保应承担失业保险赔偿责任	用人单位不缴纳不足额缴纳社保应承担赔偿责任	0
51373	经期安排女工低温作业	用人单位安排女职工工作	1
51418	用人单位员工缴纳社保	用人单位员工交社保当月交还本月交上月	0
51421	发生车祸坐车人受伤驾驶员负责	交通事故乘车人受伤司机责任	1
51428	事先约定保证期间担保人不用承担担保责任	未约定保证期间担保人免除担保责任	1
51461	用人单位经济性裁员	用人单位经济性裁员	1
51516	用人单位劳动者签订劳动合同	用人单位劳动者签订劳动合同	1
51553	签订合同约定复利计算利息到期不付支付	到期不付合同约定复利计算利息支付	1
51594	合伙企业债务承担方式	只企业承担合伙企业债务	1
51613	不可抗力耽误申请延期	不可抗力工期延期承担违约责任	0
51681	公司欠货款不	有个公司拖欠货款很久去不	1
51717	离婚协议书约定违约金	离婚协议书违约金	0
51735	公司章程公证带材料	公证处公证文件	1
51778	老板欠工程款不一拖再拖	老板拖欠工程款不	1
51797	医疗机构内殴打医务人员会处罚	有没有殴打医务人员相关法律法规	0
51825	情形违反治安管理从重处罚	情形违反治安管理从重处罚	1
51853	私下借钱签借款合同利息	签借款合同利息	1
51940	证据照片做证据	手机照片可不可以做证据	0
51942	政府机关跨地区做出行政许可合法	数量行政许可行政机关作出行政许可	0
51992	航空行李托运丢失赔偿	行李乘车过程丢失承运人赔	0
52027	有限责任公司股东人数	有限责任公司股东人数	1
52030	有限责任公司人数有要	有限责任公司股东人	0
52087	股权转让诉讼中法律关系	有限责任公司股权转让题	0
52098	借款人死亡后担保人承担还款责任	被告欠款人死追加担保人责任	0
52113	有限责任公司设立条件	有限责任公司设立条件	1
52151	企业抵押担保方式发行债券	企业筹资发行债券不银行贷款	0
52209	逾期交房碰到延期支付房款违约责任分	逾期交房违约金外应赔偿房款利息	0
52306	商品房预售就要缴全款	预售合同全款发票交房时	0
52348	债务人不还钱担保物抵债	欠钱不还拿到抵押房子	0
52361	网购陷阱起诉	消费陷阱维权	0
52386	担保人说不再履行担保责任	担保人不履行担保责任	1
52398	劳动者不愿交社保后反悔	员工不愿购买社会保险公司题	0
52418	解聘退休返聘人员企业支付补偿金	员工退休年龄离职公司支付经济补偿金	0
52483	单位推荐人出庭辩护	员工老板出庭辩护	0
52518	超过60岁辞退有没有补偿	员工满60岁遭公司辞退补偿	1
52539	员工醉酒后上下班时发生交通事故工伤	员工上下班途中发生交通事故算工伤	0
52597	上班途中无证驾驶发生事故公司需承担赔偿责任	员工下班时间交通事故老板承担连带责任	0
52632	试用期员工享受婚假产假	员工试用期享受婚假	0
52635	试用期员工享受婚假	员工试用期享受婚假	1
52721	填制原始凭证遵守规则	原始凭证审核包括内容	0
52792	转委托后代理人代理权	委托代理中代理人被代理人权利义务	0
52827	再婚变更子女抚养权理由	再婚家庭一方子女变更抚养权时需经另一方同意不	1
52834	再婚办理婚前财产公证	再婚做婚前财产公证	1
52856	再追索权人行使再追索权	再追索权再追索权行使实质要件	0
52889	收购赃物承担法律责任	不知情购买赃物负法律责任	0
52958	租赁物损坏情况承租人赔偿	承租人损害出租人义务赔偿	0
53044	行人情况应负责交通事故责任	高速公路行人发生交通事故责任划分	0
53059	拖欠租金拒不搬走起诉强制搬走	起诉数次拖欠租金拒不搬走租客强制搬走	1
53141	离婚第三者孩子重婚	婚内第三者孩子算重婚	1
53157	检察院辖区外调查取证检察人员	检察院调查时纪检委党员	0
53166	道路交通事故致人伤残受害人有权赔偿损失	交通事故中侵权人赔偿精神损害赔偿	0
53308	货到付款收货方拒付运费找承担责任	货到付款收货方拒付运费找承担责任	1
53317	时间提出申请人身安全保护令是恰当	申请人身安全保护令要地点提出	0
53366	情形下行政机关作出解除冻结	情形下行政机关作出解除冻结	1
53369	我国合同法合同债权不能转让	性质合同中债权转让	1
53392	劳动者试用期内不符合试用条件单位可否延长试用期	试用期内用人单位随时走人	0
53487	乘坐火车时摔伤找承担赔偿责任	乘坐火车死亡承担赔偿责任	0
53535	学生兼职过程中受伤认定工伤	在校学生兼职期间受伤工伤人身损害赔偿	1
53585	竞争中串通投标承担后果	招标投标实践中认定串通投标主体包括	0
53611	继承人提取住房公积金应提供相关证明材料	在职期间公司开证明提取公积金	0
53622	中国孩子犯法	中国孩子不犯法	0
53646	夫妻一方不扶养另一方	履行夫妻之间扶养义务	0
53760	受遗赠人方式接受遗赠	才算接受遗赠	0
53762	上市公司股票交易	操作股票才能拿到上市公司股票分红	1
53795	执行申请立案	法院申请强制执行立案	1
53827	自行约定抵押担保期间	抵押期限可否自行约定	0
53843	小学生网上花5000块买东西钱追回来	追回来钱大发上输七万	0
53863	法律援助过程中题投诉	去投诉法律援助律师	0
53923	公正两人都到场	婚前财产公证都到场	0
53941	微博实名举报操作	实名举报	1
53945	实名举报懂	实名举报	1
54009	才算家庭暴力	才算家庭暴力	1
54040	一房二卖未买房人赔偿	一房卖纠纷	0
54049	收集婚后对方出轨证据	证据才能证明婚姻中出轨	0
54086	资产评估司法鉴定	司法鉴定评估	0
54153	申请法律援助律师帮写起诉状	申请法律援助律师不收费会尽力帮	0
54198	理解告诫执行原则	学会适度原则	0
54244	增值税普通发票卷票提供税号	增值税普通发票卷票提供税号	1
54264	增值税专用发票增值税普通发票区别	增值税专用发票增值税普通发票区别	1
54348	网络诈骗罪1000万判年	诈骗1000万判刑	1
54419	诈骗案刑事诉讼时效多久	诈骗诉讼有没有诉讼时效	0
54449	金额定诈骗罪	诈骗罪成立诈骗金额定义	1
54454	诈骗罪量刑标准	诈骗罪量刑标准	1
54478	合同认定合同	无效合同形式	1
54576	债权人撤销权随时行使	债权人撤销权行使	0
54616	无效婚姻包括重婚情况	重婚婚姻	0
54632	债权人拒绝债务人提前履行债务	债权人拒绝债务人提前履行债务	1
54693	法院判决生效债权人死亡法定继承人有权申请执行	债权人死亡继承人法院起诉时原告	0
54746	债权债务归于一人合同还履行	债权债务归于一人合同还履行	1
54751	次债务人概述	债权债务概括转移	0
54763	丧偶儿媳改嫁后还继承公婆财产	代为继承丧偶媳妇继承权	0
54829	债权转让通知理解	债权转让通知函写理解	0
54849	转移债务须债权人同意	债权转让需债务人同意 通知同意	0
54868	合同法债务相互抵消	债权转让债务抵销之间关系	0
54880	证券公司承销证券方式	债券承销方式区别	0
54934	债务转移	债务转移	1
54957	债务人债权人代位权	债务人合法权利	0
55047	债务转移中债务人同意	债务人转移债务债权人同意	0
55055	债务抵销	债务抵销	1
55126	老公人做担保妻子需承担保证责任	丈夫别人担保妻子财产关系	0
55168	丧偶儿媳改嫁后还继承公婆财产	丈夫早年死亡媳妇继承公婆财产	1
55182	签借款合同本金	签借款合同利息	1
55200	找代写作品预防纠纷	找律师代写一份民事纠纷上诉材料钱	0
55230	交通事故逃逸拘留多久	肇事逃逸拘留15天	0
55318	房屋拆迁不服起诉	针对房屋征收行政提起诉讼时间	0
55378	征用物权法	征收征用区别	0
55400	十字路口交通事故责任划分法规	行驶车辆超车变道车辆发生交通事故责任划分	0
55433	正当防卫具备条件	正当防卫条件	1
55486	证据确实符合条件	证据确实符合条件	1
55621	证人出庭作证	证人出庭作证	1
55680	投诉非法农用地	政府非法占用农民土地	0
55692	工程施工扰民解决	政府施工扰民	1
55694	限售政策导致房屋买卖合同履行	政府限售导致房产交易	1
55740	支票上记载事项	支票上记载事项	1
55876	执行行政拘留期间暂缓执行	执行行政拘留期间暂缓执行	1
55938	职工代表大会工会关系	职工代表大会工会会员代表大会区别	0
55939	客户公司破产追回货款	公司倒闭拖欠货款采购员承担责任	0
56002	孤儿院领养小孩条件	收养人领养小孩	0
56048	指定监护人	指定监护人程序	0
56134	质证	质证	1
56188	盗用别人身份证处罚	治安管理处罚法冒用身份证	1
56206	治安管理处罚法地域	治安管理处罚条例治安管理处罚法区别	0
56225	情况行政拘留不用送拘留所执行	治安拘留执行情况	0
56241	中标通知书发出后中标人放弃中标的	中标后不响应招标文件	0
56244	拿车做抵押只交车辆登记证抵押	买轿车按揭贷款车辆登记证抵押银行	0
56245	中标人放弃中标退回保证金	中标通知书发出后中标人放弃中标的	0
56326	房产抵押担保未登记债权人请拍卖房屋违法	房产抵押担保未登记债权人有权请拍卖房屋受偿	0
56424	证券登记结算机构应履行职能	中国证券登记结算公司干什么	1
56463	教师奖励教师法作	中华人民共和国教师法中教师享有权利	0
56483	借钱朋友签书面合同做才能维权	私下借钱朋友签书面合同维权	1
56532	中外合作经营企业去核准登记	中外合资经营企业中外合作经营企业区别	0
56543	判处死刑执行部门核准	中院做出死刑执行判决生效	0
56557	法律援助免费法律援助都申请	终止法律援助情形	0
56558	撤销合同终止合同解除合同意义	终止合同解除合同区别	0
56667	担保人拒绝履行担保	担保人不担保	0
56714	事故发生后保险公司理赔	疾病保险理赔	0
56761	重婚罪取证	重婚罪合法取证	1
56764	重婚罪拘留多久开庭	重婚罪收到传票多久开庭	0
56765	重婚受害方赔偿	重婚罪受害方维护权利	0
56872	小区外墙上挂广告收益	住宅外墙挂广告牌	0
56959	商标注册文件包括	注册商标提供文件	1
57015	企业经营异常申请注销	注销公司公司异常	0
57043	著作权侵权损害赔偿计算	著作权法侵权赔偿应哪些因素	0
57071	婚后保证书写打印手写手写法律效益	婚内保证书手写	0
57083	专利侵权	专利侵权	1
57117	侵犯知识产权解决方式	专利侵权解决途径	0
57158	未经配偶同意收养小孩	结婚收养小孩	0
57185	我国专利种类	专利申请三种类型	0
57189	专利许可收费标准	专利实施许可费用	0
57300	工程监理出具工程不合格证明鉴定意见	装修工程质量不合格应申请鉴定	0
57301	装修工程质量不合格应申请鉴定	装修工程质量不合格应申请鉴定	1
57314	装修合同签订哪些方面	装修合同签订哪些方面	1
57317	签装修合同时要交费用	装修合同签订费用交	0
57388	离婚证据	起诉离婚第一步做	0
57478	子女不赡养父母	子女不赡养父母	1
57500	未签物管合同业主拒交物业管理费	未签物业合同不交物业费	1
57536	情形增值税专用发票不需认证	开增值税发票过程中需不需要认证	0
57580	公司不发奖金	自离公司不发工资	0
57617	遗嘱有效期限多久	书遗嘱有效期限	0
57680	走私两万元处罚	走私香烟量刑	0
57718	解除银行签订借款合同	续约银行签订借款合同	1
57724	租房到期房子拆迁还补偿	租房拆迁赔偿	0
57767	合租发生纠纷房东退押金	租房纠纷房东不退押金找部门	0
57779	租房前交定金不租退	租房前交定金不租退	1
57798	找中介租房押一付三合法	租房押一付三	0
57831	房屋租赁过程中房东先付定金	租房子先付定金不想租退	0
57849	租来车子有题毁损赔	租来车子有题毁损赔	1
57864	租赁合同到期不续签租赁原合同	租赁合同到期后续签租随时解除合同	0
57948	最低工资包括加班费	最低工资标准包括奖金加班费	0
58113	醉酒驾驶机动车驾驶证吊销后几年内办理驾驶证	醉驾会吊销驾照	0
58124	醉酒人犯罪负刑事责任	醉酒人犯罪负刑事责任	1
58163	醉驾a2驾驶证吊销五年恢复后a2	醉酒驾驶吊销驾驶证	0
58213	非法查询征信信息牟利会坐牢	坐牢会影响征信	0
58293	现场勘察	做现场勘查遵循步骤	1
58299	整形美容手术前要签协议	做整形美容先付钱先签协议	0
